code,name,date,close,score,grade,phase,ready,breakout,leg_pct,retrace_pct,l1,h1,l2,ma_bullish,rsi,vol_ratio,buy_signal,stop_loss,tp1,tp2
000001,平安银行,2026-06-12,11.24,75,A,LEG1,True,False,59.7,27.9,7.04,11.24,10.07,False,65.5,1.58,False,10.07,13.58,15.34
000063,中兴通讯,2026-06-12,36.35,75,A,READY,True,False,200.3,64.6,18.6,55.85,31.8,False,47.8,2.44,False,31.8,103.95,140.03
000100,TCL科技,2026-06-12,4.55,90,S,READY,True,False,69.1,53.3,3.04,5.14,4.02,True,56.9,1.86,False,4.02,7.38,9.06
000157,中联重科,2026-06-12,7.35,47,C,LEG1,True,False,143.6,65.3,4.17,10.16,6.25,False,31.8,1.06,False,6.25,17.98,23.84
000166,申万宏源,2026-06-12,4.53,57,B,LEG1,True,False,51.2,23.7,3.63,5.49,5.05,False,41.3,1.23,False,5.05,6.37,7.03
000301,东方盛虹,2026-06-12,11.88,70,A,LEG1,True,False,94.5,52.1,6.93,13.48,10.07,True,46.2,0.57,False,10.07,20.3,25.41
000333,美的集团,2026-06-12,83.23,95,S,LEG1,True,True,164.9,37.8,30.64,81.16,62.05,True,69.1,1.32,True,62.05,119.38,148.04
000338,潍柴动力,2026-06-12,28.0,77,A,BREAKOUT,True,False,316.4,38.3,7.25,30.19,21.4,True,44.3,1.19,False,21.4,47.77,60.96
000408,藏格矿业,2026-06-12,79.47,70,A,READY,True,False,413.6,35.4,18.65,95.78,68.5,True,46.5,0.85,False,68.5,150.34,191.26
000425,徐工机械,2026-06-12,9.12,55,B,LEG1,True,False,182.9,65.9,4.56,12.9,7.4,False,27.6,1.94,False,7.4,23.9,32.15
000538,云南白药,2026-06-12,50.6,57,B,LEG1,True,False,49.8,36.4,37.8,56.62,49.77,False,40.1,1.26,False,49.77,70.32,80.59
000568,泸州老窖,2026-06-12,85.0,47,C,LEG1,True,False,39.6,7.1,91.61,127.91,125.34,False,15.3,1.08,False,125.34,133.05,136.9
000625,长安汽车,2026-06-12,7.54,47,C,LEG1,True,False,23.3,33.2,9.96,12.28,11.51,False,6.2,1.23,False,11.51,13.82,14.97
000630,铜陵有色,2026-06-12,7.1,82,S,READY,True,False,250.2,55.9,2.61,9.14,5.49,True,61.3,1.1,False,5.49,16.44,21.92
000651,格力电器,2026-06-12,38.53,62,B,LEG1,True,False,67.1,16.3,24.46,40.88,38.2,False,47.7,1.01,False,38.2,46.24,50.26
000661,长春高新,2026-06-12,66.5,55,B,LEG1,True,False,42.4,21.9,74.78,106.49,99.53,False,13.4,1.44,False,99.53,120.41,130.85
000708,中信特钢,2026-06-12,14.07,47,C,LEG1,True,False,95.3,70.3,9.16,17.89,11.75,False,38.5,1.13,False,11.75,30.17,39.38
000725,京东方A,2026-06-12,5.57,95,S,BREAKOUT,True,True,47.4,57.9,3.21,4.73,3.85,True,64.8,3.11,True,3.85,6.49,7.81
000768,中航西飞,2026-06-12,22.86,50,B,LEG1,True,False,86.7,56.7,17.12,31.96,23.55,False,42.8,0.79,False,23.55,48.78,61.4
000776,广发证券,2026-06-12,20.08,65,A,LEG1,True,False,106.4,36.3,10.53,21.73,17.66,False,53.2,1.41,False,17.66,29.87,35.98
000786,北新建材,2026-06-12,21.09,47,C,READY,True,False,74.4,45.8,16.71,29.14,23.45,False,22.4,1.09,False,23.45,40.52,49.06
000807,云铝股份,2026-06-12,28.1,55,B,LEG1,True,False,334.4,36.4,8.39,36.45,26.25,False,40.8,0.92,False,26.25,56.85,72.15
000858,五 粮 液,2026-06-12,79.92,47,C,LEG1,True,False,31.9,57.6,98.01,129.27,111.25,False,8.9,1.27,False,111.25,165.31,192.34
000876,新 希 望,2026-06-12,6.54,55,B,LEG1,True,False,16.9,36.6,7.73,9.04,8.56,False,13.2,1.51,False,8.56,10.0,10.72
000895,双汇发展,2026-06-12,24.17,47,C,LEG1,True,False,66.1,54.1,17.34,28.81,22.61,False,23.2,1.08,False,22.61,41.21,50.51
000963,华东医药,2026-06-12,29.11,55,B,LEG1,True,False,51.8,32.5,24.1,36.58,32.52,False,28.1,1.36,False,32.52,44.7,50.79
000975,山金国际,2026-06-12,21.11,47,C,READY,True,False,375.1,50.4,8.8,41.81,25.17,False,29.2,1.09,False,25.17,75.09,100.05
000977,浪潮信息,2026-06-12,57.86,60,B,LEG1,True,False,332.5,39.5,18.37,79.45,55.32,True,35.6,0.92,False,55.32,127.71,163.91
000983,山西焦煤,2026-06-12,7.46,79,A,BREAKOUT,True,False,34.9,53.3,5.71,7.7,6.64,False,60.6,1.22,False,6.64,9.82,11.41
000999,华润三九,2026-06-12,24.85,40,C,LEG1,True,False,80.4,24.1,16.57,29.9,26.69,False,38.0,0.85,False,26.69,36.32,41.13
001965,招商公路,2026-06-12,9.74,55,B,READY,True,False,84.2,36.4,5.64,10.39,8.66,False,51.9,0.85,False,8.66,13.85,16.45
001979,招商蛇口,2026-06-12,8.16,47,C,LEG1,True,False,59.9,63.0,6.94,11.1,8.48,False,38.7,1.03,False,8.48,16.34,20.27
002001,新和成,2026-06-12,30.09,75,A,LEG1,True,False,220.8,78.8,12.28,39.39,18.02,True,42.5,0.86,False,18.02,82.13,114.19
002027,分众传媒,2026-06-12,5.45,47,C,LEG1,True,False,75.5,37.7,4.74,8.32,6.97,False,22.9,1.13,False,6.97,11.02,13.05
002028,思源电气,2026-06-12,173.3,60,B,LEG1,True,False,415.0,86.8,45.1,232.28,69.73,True,34.2,0.89,False,69.73,557.38,801.21
002049,紫光国微,2026-06-12,71.51,57,B,READY,True,False,111.0,56.2,43.6,91.99,64.8,False,39.3,1.05,False,64.8,146.37,187.15
002050,三花智控,2026-06-12,44.81,77,A,READY,True,False,300.1,43.1,15.19,60.77,41.14,True,41.0,1.03,False,41.14,100.03,129.48
002074,国轩高科,2026-06-12,29.04,40,C,LEG1,True,False,160.9,31.4,15.9,41.49,33.45,False,23.5,0.68,False,33.45,57.57,69.63
002142,宁波银行,2026-06-12,32.7,90,S,LEG1,True,False,99.3,72.6,17.0,33.88,21.62,True,63.9,1.48,False,21.62,58.4,76.79
002179,中航光电,2026-06-12,36.01,79,A,BREAKOUT,True,False,35.4,58.3,27.71,37.51,31.8,False,48.3,1.04,False,31.8,48.93,57.49
002230,科大讯飞,2026-06-12,40.39,40,C,READY,True,False,129.3,58.2,29.44,67.5,45.36,False,23.9,1.0,False,45.36,111.78,144.99
002236,大华股份,2026-06-12,15.95,40,C,LEG1,True,False,115.0,29.8,8.84,19.01,15.98,False,33.4,0.83,False,15.98,25.07,29.62
002241,歌尔股份,2026-06-12,23.01,52,B,READY,True,False,141.9,53.9,13.09,31.66,21.65,False,36.0,1.15,False,21.65,51.68,66.7
002311,海大集团,2026-06-12,45.65,47,C,LEG1,True,False,79.0,36.8,32.83,58.75,49.2,False,38.2,1.06,False,49.2,77.85,92.17
002352,顺丰控股,2026-06-12,34.36,40,C,LEG1,True,False,29.1,41.2,29.62,38.24,34.69,False,27.1,0.88,False,34.69,45.34,50.67
002371,北方华创,2026-06-12,667.19,47,C,SCANNING,False,False,,,,,,True,72.9,1.18,False,,,
002384,东山精密,2026-06-12,217.55,70,A,BREAKOUT,True,True,751.6,39.9,10.69,91.04,59.0,True,77.1,0.96,False,59.0,155.12,203.18
002415,海康威视,2026-06-12,30.24,77,A,LEG1,True,False,59.0,55.9,22.86,36.34,28.81,True,40.6,1.05,False,28.81,51.4,62.7
002422,科伦药业,2026-06-12,37.31,42,C,SCANNING,False,False,,,,,,True,63.8,1.29,False,,,
002460,赣锋锂业,2026-06-12,71.16,77,A,LEG1,True,False,270.4,50.7,24.75,91.67,57.73,True,43.5,1.24,False,57.73,159.55,210.46
002463,沪电股份,2026-06-12,125.2,95,S,BREAKOUT,True,True,969.4,32.7,7.85,83.95,59.06,True,70.9,1.31,True,59.06,133.73,171.06
002466,天齐锂业,2026-06-12,62.5,85,S,LEG1,True,False,237.5,58.9,24.44,82.49,48.28,True,48.2,1.37,False,48.28,150.91,202.22
002475,立讯精密,2026-06-12,63.76,80,S,BREAKOUT,True,True,149.2,43.6,24.21,60.32,44.57,True,48.8,0.95,False,44.57,91.82,115.44
002493,荣盛石化,2026-06-12,11.34,55,B,LEG1,True,False,86.3,48.7,7.52,14.01,10.85,False,41.7,0.95,False,10.85,20.33,25.07
002594,比亚迪,2026-06-12,91.6,40,C,LEG1,True,False,115.5,43.3,51.9,111.82,85.88,False,36.3,0.65,False,85.88,163.7,202.61
002600,领益智造,2026-06-12,14.01,90,S,READY,True,False,363.3,44.3,4.06,18.81,12.27,True,43.7,1.35,False,12.27,31.89,41.7
002601,龙佰集团,2026-06-12,15.34,55,B,LEG1,True,False,95.5,57.6,12.17,23.79,17.1,False,38.3,1.54,False,17.1,37.17,47.2
002625,光启技术,2026-06-12,38.69,65,A,READY,True,False,485.1,43.4,9.91,57.98,37.12,False,41.9,1.3,False,37.12,99.7,130.99
002648,卫星化学,2026-06-12,24.16,70,A,LEG1,True,False,186.3,72.9,10.43,29.86,15.7,True,46.7,0.75,False,15.7,58.18,79.42
002709,天赐材料,2026-06-12,49.64,75,A,LEG1,True,False,423.6,54.7,12.41,64.98,36.2,True,47.5,0.99,False,36.2,122.54,165.71
002714,牧原股份,2026-06-12,34.86,40,C,READY,True,False,79.5,45.3,28.44,51.06,40.81,False,19.9,0.96,False,40.81,71.56,86.94
002736,国信证券,2026-06-12,10.27,40,C,LEG1,True,False,98.5,6.1,6.7,13.3,12.9,False,32.1,0.86,False,12.9,14.1,14.7
002916,深南电路,2026-06-12,379.5,87,S,BREAKOUT,True,True,823.9,32.4,31.74,293.26,208.6,True,70.1,1.17,False,208.6,462.58,589.57
002920,德赛西威,2026-06-12,86.95,47,C,READY,True,False,93.5,59.2,73.16,141.55,101.03,False,24.5,1.0,False,101.03,222.59,283.37
002938,鹏鼎控股,2026-06-12,101.52,85,S,BREAKOUT,True,True,369.3,32.2,13.42,62.98,47.0,True,83.4,1.3,False,47.0,94.94,118.91
300014,亿纬锂能,2026-06-12,57.67,40,C,LEG1,True,False,161.4,38.0,29.05,75.95,58.13,False,30.7,0.88,False,58.13,111.59,138.32
300015,爱尔眼科,2026-06-12,8.46,47,C,LEG1,True,False,28.1,18.5,8.81,11.29,10.83,False,24.2,1.1,False,10.83,12.21,12.9
300033,同花顺,2026-06-12,207.46,55,B,READY,True,False,597.9,38.9,44.0,307.07,204.69,False,33.7,1.41,False,204.69,511.83,665.4
300059,东方财富,2026-06-12,18.0,47,C,READY,True,False,163.7,46.3,9.71,25.61,18.25,False,23.5,1.19,False,18.25,40.33,51.37
300124,汇川技术,2026-06-12,67.16,75,A,READY,True,False,114.6,51.2,38.26,82.09,59.63,True,39.5,1.41,False,59.63,127.01,160.7
300251,光线传媒,2026-06-12,11.31,40,C,LEG1,True,False,184.5,15.1,6.0,17.07,15.4,False,25.4,0.49,False,15.4,20.41,22.91
300274,阳光电源,2026-06-12,148.76,80,S,READY,True,False,260.6,46.0,50.28,181.3,121.05,True,47.6,0.92,False,121.05,301.8,392.18
300308,中际旭创,2026-06-12,1149.0,77,A,LEG1,True,True,4046.2,92.3,15.86,657.58,65.3,True,82.5,1.12,False,65.3,1842.14,2730.56
300316,晶盛机电,2026-06-12,47.08,75,A,READY,True,False,215.5,58.1,20.84,65.75,39.67,True,49.1,0.94,False,39.67,117.91,157.03
300347,泰格医药,2026-06-12,39.82,55,B,LEG1,True,False,72.7,53.7,35.26,60.91,47.13,False,21.9,1.78,False,47.13,88.47,109.14
300394,天孚通信,2026-06-12,280.95,40,C,SCANNING,False,False,,,,,,True,56.3,0.98,False,,,
300408,三环集团,2026-06-12,126.5,85,S,BREAKOUT,True,True,243.9,37.4,19.89,68.41,50.25,True,82.7,1.94,False,50.25,104.73,131.97
300413,芒果超媒,2026-06-12,15.95,40,C,LEG1,True,False,68.0,47.5,17.85,29.98,24.22,False,15.6,0.9,False,24.22,41.5,50.14
300418,昆仑万维,2026-06-12,37.22,40,C,LEG1,True,False,384.3,25.1,11.89,57.58,46.13,False,27.0,0.57,False,46.13,80.48,97.65
300433,蓝思科技,2026-06-12,41.14,95,S,BREAKOUT,True,False,384.3,53.7,8.97,43.44,24.94,True,65.2,1.78,False,24.94,80.44,108.19
300442,润泽科技,2026-06-12,73.53,65,A,READY,True,False,616.0,30.4,14.85,106.33,78.5,True,36.2,0.54,False,78.5,161.99,203.74
300476,胜宏科技,2026-06-12,327.21,87,S,BREAKOUT,True,True,2728.1,25.0,11.38,321.84,244.07,True,51.1,1.02,False,244.07,477.38,594.03
300502,新易盛,2026-06-12,506.46,87,S,LEG1,True,True,5263.6,39.5,6.23,334.15,204.51,True,73.5,1.16,False,204.51,593.43,787.89
300628,亿联网络,2026-06-12,34.1,95,S,BREAKOUT,True,False,113.8,39.6,17.85,38.16,30.11,True,43.8,1.57,False,30.11,54.26,66.33
300661,圣邦股份,2026-06-12,111.44,80,S,BREAKOUT,True,True,88.7,56.3,44.51,84.0,61.78,True,71.1,0.82,False,61.78,128.44,161.77
300750,宁德时代,2026-06-12,394.85,70,A,LEG1,True,False,285.2,41.1,121.7,468.75,326.1,True,43.5,0.9,False,326.1,754.05,968.02
300759,康龙化成,2026-06-12,22.38,47,C,LEG1,True,False,83.7,49.4,17.48,32.11,24.88,False,20.1,1.23,False,24.88,46.57,57.41
300782,卓胜微,2026-06-12,89.76,87,S,BREAKOUT,True,True,50.4,50.3,58.51,88.0,73.18,True,40.7,1.14,False,73.18,117.64,139.87
300803,指南针,2026-06-12,86.2,47,C,READY,True,False,206.7,57.7,50.32,154.33,94.28,False,28.1,1.23,False,94.28,274.43,364.51
300979,华利集团,2026-06-12,33.62,47,C,LEG1,True,False,89.4,48.2,33.4,63.26,48.87,False,9.6,1.24,False,48.87,92.04,113.62
300999,金龙鱼,2026-06-12,25.7,40,C,LEG1,True,False,37.7,57.2,24.24,33.38,28.15,False,31.8,0.68,False,28.15,43.84,51.69
301236,软通动力,2026-06-12,39.75,70,A,READY,True,False,238.4,48.2,16.31,55.2,36.46,False,47.8,2.66,False,36.46,92.68,120.79
301269,华大九天,2026-06-12,94.57,75,A,LEG1,True,False,74.3,38.1,69.22,120.67,101.06,False,46.5,1.52,False,101.06,159.89,189.31
302132,中航成飞,2026-06-12,63.81,57,B,READY,True,False,874.2,30.8,9.19,89.53,64.81,False,40.9,1.3,False,64.81,138.97,176.05
600000,浦发银行,2026-06-12,9.67,62,B,LEG1,True,False,87.5,21.1,5.58,10.46,9.43,False,51.2,1.08,False,9.43,12.52,14.07
600009,上海机场,2026-06-12,24.28,47,C,LEG1,True,False,17.1,61.9,29.17,34.16,31.07,False,19.8,1.23,False,31.07,40.34,44.97
600010,包钢股份,2026-06-12,2.39,40,C,LEG1,True,False,148.9,56.9,1.37,3.41,2.25,False,36.4,0.57,False,2.25,5.73,7.47
600011,华能国际,2026-06-12,8.05,95,S,BREAKOUT,True,True,27.4,58.1,6.28,8.0,7.0,True,57.9,1.47,True,7.0,10.0,11.5
600016,民生银行,2026-06-12,3.63,57,B,LEG1,True,False,60.2,21.2,2.51,4.02,3.7,False,41.8,1.02,False,3.7,4.66,5.14
600019,宝钢股份,2026-06-12,6.02,47,C,READY,True,False,45.6,56.4,5.18,7.54,6.21,False,38.5,1.22,False,6.21,10.2,12.2
600023,浙能电力,2026-06-12,6.26,40,C,LEG1,False,False,14.6,,4.74,5.43,,True,62.2,0.85,False,,,
600025,华能水电,2026-06-12,9.86,75,A,LEG1,True,False,90.4,47.4,5.6,10.66,8.26,True,57.0,0.9,False,8.26,15.46,19.06
600026,中远海能,2026-06-12,17.5,60,B,LEG1,True,False,255.2,81.9,7.65,27.17,11.19,True,35.2,0.78,False,11.19,59.13,83.1
600029,南方航空,2026-06-12,5.27,40,C,LEG1,True,False,63.3,86.0,5.18,8.46,5.64,False,34.2,1.0,False,5.64,14.1,18.33
600030,中信证券,2026-06-12,26.29,62,B,LEG1,True,False,84.6,32.4,14.86,27.43,23.36,False,55.1,1.28,False,23.36,35.57,41.67
600031,三一重工,2026-06-12,18.91,55,B,READY,True,False,107.4,46.4,11.71,24.29,18.45,False,39.9,1.72,False,18.45,35.97,44.73
600036,招商银行,2026-06-12,39.34,60,B,LEG1,True,False,106.1,64.7,19.58,40.36,26.92,False,58.5,0.98,False,26.92,67.24,87.4
600039,四川路桥,2026-06-12,8.25,40,C,LEG1,True,False,116.9,43.5,4.74,10.28,7.87,False,37.9,0.71,False,7.87,15.1,18.71
600050,中国联通,2026-06-12,4.37,45,C,READY,True,False,98.2,42.0,2.79,5.53,4.38,False,33.9,0.81,False,4.38,7.83,9.56
600061,国投资本,2026-06-12,6.46,47,C,LEG1,True,False,54.3,26.6,5.19,8.01,7.26,False,35.8,1.05,False,7.26,9.51,10.63
600085,同仁堂,2026-06-12,24.95,40,C,LEG1,True,False,14.5,49.7,32.8,37.57,35.2,False,14.9,0.87,False,35.2,42.31,45.86
600089,特变电工,2026-06-12,23.03,45,C,READY,True,False,214.0,35.5,10.6,33.28,25.22,False,28.1,0.63,False,25.22,49.4,61.49
600104,上汽集团,2026-06-12,10.92,55,B,LEG1,True,False,30.2,4.1,11.4,14.84,14.7,False,7.8,1.53,False,14.7,15.12,15.33
600111,北方稀土,2026-06-12,49.43,70,A,READY,True,False,327.2,40.2,14.85,63.44,43.89,True,46.7,0.84,False,43.89,102.54,131.86
600115,中国东航,2026-06-12,3.9,47,C,LEG1,True,False,91.7,88.1,3.38,6.48,3.75,False,32.3,1.17,False,3.75,11.94,16.04
600150,中国船舶,2026-06-12,34.89,70,A,LEG1,True,False,147.3,51.9,17.56,43.42,30.0,True,41.5,0.88,False,30.0,70.26,90.39
600160,巨化股份,2026-06-12,42.39,95,S,LEG1,True,False,223.5,38.3,13.46,43.54,32.01,True,70.2,2.64,False,32.01,66.6,83.9
600161,天坛生物,2026-06-12,12.87,55,B,LEG1,True,False,12.0,-56.1,15.69,17.58,18.64,False,18.1,1.64,False,18.64,15.46,13.87
600176,中国巨石,2026-06-12,41.61,95,S,LEG1,True,True,110.0,73.5,8.2,17.22,10.59,True,68.4,1.56,True,10.59,30.48,40.42
600183,生益科技,2026-06-12,151.28,85,S,BREAKOUT,True,True,654.5,37.8,9.94,75.0,50.4,True,91.3,1.52,False,50.4,124.2,161.1
600188,兖矿能源,2026-06-12,22.95,80,S,BREAKOUT,True,True,142.5,34.5,9.42,22.84,18.21,True,60.5,0.9,False,18.21,32.1,39.05
600196,复星医药,2026-06-12,22.36,40,C,LEG1,True,False,38.2,63.4,19.79,27.35,22.56,False,21.4,0.89,False,22.56,36.93,44.12
600219,南山铝业,2026-06-12,4.73,40,C,LEG1,True,False,321.8,89.1,1.97,8.31,2.66,False,30.8,0.69,False,2.66,19.61,28.09
600309,万华化学,2026-06-12,71.67,52,B,READY,True,False,88.3,52.7,50.85,95.75,72.11,False,29.7,1.02,False,72.11,143.03,178.49
600346,恒力石化,2026-06-12,17.46,40,C,LEG1,True,False,154.8,35.1,9.74,24.82,19.52,False,28.6,0.92,False,19.52,35.42,43.37
600362,江西铜业,2026-06-12,43.05,52,B,READY,True,False,309.1,53.4,17.28,70.7,42.2,False,39.0,1.16,False,42.2,127.7,170.45
600372,中航机载,2026-06-12,11.14,40,C,READY,True,False,77.2,60.7,9.55,16.92,12.45,False,27.6,0.59,False,12.45,25.86,32.57
600377,宁沪高速,2026-06-12,12.54,82,S,BREAKOUT,True,False,121.1,15.8,5.68,12.56,11.47,False,57.6,1.5,False,11.47,14.74,16.38
600406,国电南瑞,2026-06-12,23.24,45,C,READY,True,False,76.0,47.8,18.22,32.06,25.45,False,26.3,0.6,False,25.45,45.28,55.2
600415,小商品城,2026-06-12,11.3,40,C,READY,True,False,204.2,54.5,6.25,19.01,12.05,False,24.6,0.91,False,12.05,32.93,43.37
600426,华鲁恒升,2026-06-12,28.33,47,C,LEG1,True,False,109.2,27.7,18.98,39.7,33.96,False,31.2,1.16,False,33.96,51.18,59.79
600460,士兰微,2026-06-12,32.15,87,S,READY,True,False,122.8,53.3,15.7,34.98,24.7,True,58.7,1.28,False,24.7,55.54,70.96
600489,中金黄金,2026-06-12,21.51,40,C,READY,True,False,587.9,50.3,6.03,41.48,23.65,False,31.0,0.99,False,23.65,77.14,103.88
600515,海南机场,2026-06-12,2.98,47,C,LEG1,True,False,94.6,47.1,2.96,5.76,4.44,False,18.6,1.07,False,4.44,8.4,10.38
600519,贵州茅台,2026-06-12,1291.91,40,C,LEG1,True,False,35.2,60.3,1159.76,1568.0,1322.01,False,36.3,0.79,False,1322.01,2059.98,2428.97
600522,中天科技,2026-06-12,48.6,85,S,BREAKOUT,True,True,104.3,47.0,9.9,20.23,15.38,True,83.9,1.85,False,15.38,29.93,37.2
600547,山东黄金,2026-06-12,27.79,47,C,LEG1,True,False,310.5,64.5,15.97,65.55,33.55,False,22.3,1.03,False,33.55,129.55,177.55
600570,恒生电子,2026-06-12,21.71,40,C,READY,True,False,141.0,55.2,14.93,35.98,24.36,False,20.0,0.96,False,24.36,59.22,76.65
600584,长电科技,2026-06-12,68.92,95,S,BREAKOUT,True,True,177.3,47.6,19.7,54.63,38.02,True,64.4,1.34,True,38.02,87.85,112.77
600585,海螺水泥,2026-06-12,18.71,40,C,LEG1,True,False,44.9,62.3,18.58,26.93,21.73,False,17.5,0.83,False,21.73,37.33,45.13
600588,用友网络,2026-06-12,10.0,40,C,LEG1,True,False,60.4,13.2,8.03,12.88,12.24,False,27.3,0.95,False,12.24,14.16,15.12
600600,青岛啤酒,2026-06-12,60.56,65,A,LEG1,True,False,26.6,32.2,51.0,64.56,60.2,False,40.6,1.38,False,60.2,73.28,79.82
600660,福耀玻璃,2026-06-12,52.35,40,C,LEG1,True,False,56.3,29.4,38.32,59.9,53.55,False,27.9,0.64,False,53.55,72.6,82.12
600674,川投能源,2026-06-12,15.6,74,A,READY,True,False,68.5,31.7,9.71,16.36,14.25,False,61.9,1.22,False,14.25,20.58,23.74
600690,海尔智家,2026-06-12,21.13,57,B,LEG1,True,False,48.4,41.8,17.85,26.49,22.88,False,41.5,1.2,False,22.88,33.71,39.12
600741,华域汽车,2026-06-12,16.65,40,C,LEG1,True,False,67.8,40.6,12.37,20.76,17.35,False,25.8,0.95,False,17.35,27.58,32.7
600795,国电电力,2026-06-12,5.01,80,S,READY,True,False,36.8,40.8,3.86,5.28,4.7,True,53.4,0.85,False,4.7,6.44,7.31
600803,新奥股份,2026-06-12,18.33,40,C,LEG1,True,False,61.0,59.0,15.25,24.55,19.06,False,27.8,0.75,False,19.06,35.53,43.77
600875,东方电气,2026-06-12,30.3,60,B,LEG1,True,False,281.5,80.7,11.86,45.25,18.29,True,32.4,0.74,False,18.29,99.17,139.61
600887,伊利股份,2026-06-12,25.71,62,B,READY,True,False,54.3,43.4,18.53,28.6,24.23,False,48.8,1.04,False,24.23,37.34,43.9
600893,航发动力,2026-06-12,38.82,40,C,LEG1,True,False,127.5,77.1,28.03,63.78,36.2,False,30.0,0.81,False,36.2,118.94,160.31
600900,长江电力,2026-06-12,28.28,74,A,BREAKOUT,True,True,60.8,23.7,17.19,27.65,25.17,False,68.8,1.05,False,25.17,32.61,36.33
600905,三峡能源,2026-06-12,4.18,67,A,LEG1,True,False,18.5,63.0,3.94,4.67,4.21,False,52.0,1.13,False,4.21,5.59,6.28
600918,中泰证券,2026-06-12,5.34,55,B,READY,True,False,41.2,42.9,5.27,7.44,6.51,False,17.7,1.92,False,6.51,9.3,10.7
600919,江苏银行,2026-06-12,11.89,77,A,BREAKOUT,True,True,116.9,23.8,5.04,10.93,9.53,True,85.4,1.23,False,9.53,13.73,15.83
600926,杭州银行,2026-06-12,16.74,85,S,LEG1,True,False,119.9,71.9,8.0,17.59,10.69,True,56.0,1.49,False,10.69,31.39,41.74
600938,中国海油,2026-06-12,33.36,60,B,LEG1,True,False,362.0,65.0,9.64,44.54,21.84,True,35.1,0.85,False,21.84,89.94,123.99
600941,中国移动,2026-06-12,95.12,60,B,LEG1,True,False,142.1,36.8,39.93,96.68,75.79,False,51.1,0.85,False,75.79,138.46,169.8
600958,东方证券,2026-06-12,9.24,50,B,READY,True,False,65.9,57.1,6.9,11.45,8.85,False,40.9,0.76,False,8.85,16.65,20.55
600989,宝丰能源,2026-06-12,23.1,60,B,LEG1,True,False,215.0,77.5,11.45,36.07,17.0,True,36.1,0.73,False,17.0,74.21,102.81
600999,招商证券,2026-06-12,17.69,87,S,READY,True,False,60.9,43.1,11.09,17.84,14.93,False,70.9,1.45,False,14.93,23.66,28.02
601009,南京银行,2026-06-12,11.83,82,S,LEG1,True,False,111.9,42.8,5.64,11.95,9.25,True,65.2,1.14,False,9.25,17.35,21.4
601012,隆基绿能,2026-06-12,13.46,47,C,LEG1,True,False,59.0,39.7,12.61,20.05,17.1,False,21.0,1.12,False,17.1,25.95,30.38
601018,宁波港,2026-06-12,3.38,40,C,LEG1,True,False,44.4,55.7,2.95,4.26,3.53,False,21.1,0.96,False,3.53,5.72,6.81
601058,赛轮轮胎,2026-06-12,12.41,47,C,LEG1,True,False,111.4,27.3,6.87,14.52,12.43,False,25.2,1.2,False,12.43,18.7,21.84
601059,信达证券,2026-06-12,15.14,40,C,READY,True,False,76.2,51.6,11.8,20.79,16.15,False,22.7,0.97,False,16.15,30.07,37.03
601066,中信建投,2026-06-12,25.46,75,A,READY,True,False,61.0,63.2,17.07,27.48,20.9,False,71.8,2.29,False,20.9,40.64,50.51
601088,中国神华,2026-06-12,46.14,90,S,LEG1,True,False,59.7,57.6,31.54,50.38,39.52,True,50.4,1.36,False,39.52,72.1,88.39
601100,恒立液压,2026-06-12,114.54,87,S,READY,True,False,215.3,42.9,39.96,125.98,89.1,True,56.3,1.29,False,89.1,199.74,255.06
601111,中国国航,2026-06-12,6.27,47,C,LEG1,True,False,19.6,17.4,6.17,7.38,7.17,False,30.4,1.13,False,7.17,7.8,8.12
601117,中国化学,2026-06-12,7.51,40,C,LEG1,True,False,100.8,62.9,5.22,10.48,7.17,False,31.4,0.64,False,7.17,17.1,22.07
601127,赛力斯,2026-06-12,68.67,47,C,READY,True,False,155.9,52.8,67.83,173.55,117.71,False,12.1,1.28,False,117.71,285.23,368.99
601136,首创证券,2026-06-12,14.08,55,B,LEG1,True,False,103.7,49.8,12.13,24.71,18.45,False,19.5,1.4,False,18.45,37.23,46.62
601138,工业富联,2026-06-12,70.13,80,S,READY,True,False,1365.8,46.5,5.7,83.55,47.35,True,64.7,0.92,False,47.35,155.95,210.25
601166,兴业银行,2026-06-12,18.61,67,A,BREAKOUT,True,True,76.0,16.3,10.56,18.59,17.28,False,65.5,1.23,False,17.28,21.21,23.17
601169,北京银行,2026-06-12,5.27,57,B,LEG1,True,False,22.8,33.0,4.52,5.55,5.21,False,48.2,1.0,False,5.21,6.23,6.74
601211,国泰海通,2026-06-12,17.68,70,A,LEG1,True,False,92.0,38.2,11.64,22.35,18.26,False,61.2,1.6,False,18.26,30.53,36.66
601225,陕西煤业,2026-06-12,27.0,87,S,LEG1,True,False,138.4,45.0,11.72,27.94,20.64,True,64.9,1.25,False,20.64,42.54,53.49
601229,上海银行,2026-06-12,9.36,57,B,LEG1,True,False,178.7,28.8,3.67,10.23,8.34,False,53.9,1.08,False,8.34,14.01,16.85
601236,红塔证券,2026-06-12,6.8,55,B,READY,True,False,68.7,57.1,5.63,9.5,7.29,False,20.0,1.3,False,7.29,13.92,17.23
601238,广汽集团,2026-06-12,5.88,47,C,LEG1,True,False,36.3,83.9,7.02,9.57,7.43,False,12.8,1.18,False,7.43,13.85,17.06
601288,农业银行,2026-06-12,6.8,65,A,LEG1,True,False,306.8,17.8,1.76,7.16,6.2,False,56.6,1.3,False,6.2,9.08,10.52
601298,青岛港,2026-06-12,9.24,87,S,READY,True,False,33.7,59.4,7.45,9.96,8.47,True,60.5,1.29,False,8.47,12.94,15.18
601318,中国平安,2026-06-12,54.01,50,B,LEG1,True,False,121.8,16.2,26.76,59.36,54.09,False,41.9,1.0,False,54.09,69.9,77.8
601336,新华保险,2026-06-12,61.46,65,A,READY,True,False,385.9,39.5,17.67,85.85,58.95,False,45.6,1.5,False,58.95,139.65,180.0
601360,三六零,2026-06-12,9.16,40,C,LEG1,True,False,107.3,30.1,5.79,12.0,10.13,False,25.9,0.57,False,10.13,15.74,18.54
601377,兴业证券,2026-06-12,6.0,50,B,LEG1,True,False,36.8,4.8,4.54,6.21,6.13,False,46.5,0.99,False,6.13,6.37,6.49
601390,中国中铁,2026-06-12,4.57,40,C,LEG1,True,False,38.0,67.4,4.69,6.47,5.27,False,22.1,0.52,False,5.27,8.87,10.67
601398,工商银行,2026-06-12,7.78,95,S,LEG1,True,True,171.2,56.9,2.78,7.54,4.83,True,73.8,1.49,True,4.83,12.96,17.02
601456,国联民生,2026-06-12,9.41,75,A,LEG1,True,False,17.1,-23.2,8.32,9.74,10.07,False,53.5,2.47,False,10.07,9.08,8.59
601600,中国铝业,2026-06-12,10.8,45,C,READY,True,False,178.1,48.9,5.7,15.85,10.89,False,38.6,0.81,False,10.89,25.77,33.21
601601,中国太保,2026-06-12,32.86,55,B,LEG1,True,False,227.0,56.7,14.8,48.39,29.34,False,33.9,1.44,False,29.34,86.49,115.06
601607,上海医药,2026-06-12,16.34,40,C,READY,True,False,20.3,39.6,14.46,17.39,16.23,False,30.8,0.86,False,16.23,19.71,21.45
601618,中国中冶,2026-06-12,2.68,40,C,LEG1,True,False,39.5,65.3,2.48,3.46,2.82,False,27.0,0.66,False,2.82,4.74,5.7
601628,中国人寿,2026-06-12,35.81,65,A,LEG1,True,False,118.4,52.1,23.77,51.92,37.26,False,43.1,2.02,False,37.26,81.24,103.23
601633,长城汽车,2026-06-12,17.6,55,B,LEG1,True,False,17.4,4.7,18.36,21.55,21.4,False,29.8,2.33,False,21.4,21.85,22.08
601658,邮储银行,2026-06-12,5.2,75,A,LEG1,True,False,79.3,17.2,2.94,5.27,4.87,False,62.4,1.35,False,4.87,6.07,6.67
601668,中国建筑,2026-06-12,4.77,40,C,LEG1,True,False,34.0,22.7,3.88,5.2,4.9,False,35.9,0.74,False,4.9,5.8,6.25
601669,中国电建,2026-06-12,4.82,40,C,LEG1,True,False,71.2,68.6,4.2,7.19,5.14,False,28.5,0.5,False,5.14,11.29,14.37
601688,华泰证券,2026-06-12,19.97,65,A,READY,True,False,155.2,52.4,10.09,25.75,17.54,False,59.6,1.54,False,17.54,42.17,54.48
601689,拓普集团,2026-06-12,60.62,70,A,READY,True,False,198.6,53.4,28.47,85.01,54.81,False,43.8,1.39,False,54.81,145.41,190.71
601788,光大证券,2026-06-12,14.29,55,B,READY,True,False,77.1,48.2,12.16,21.54,17.02,False,34.1,1.45,False,17.02,30.58,37.36
601808,中海油服,2026-06-12,12.51,40,C,LEG1,True,False,81.3,87.0,11.9,21.57,13.16,False,21.0,0.65,False,13.16,38.39,51.01
601818,光大银行,2026-06-12,3.23,67,A,LEG1,True,False,63.1,13.8,2.06,3.36,3.18,False,60.8,1.12,False,3.18,3.72,3.99
601825,沪农商行,2026-06-12,8.88,50,B,LEG1,True,False,143.1,24.3,3.85,9.36,8.02,False,54.1,0.8,False,8.02,12.04,14.05
601838,成都银行,2026-06-12,20.07,77,A,BREAKOUT,True,True,111.3,34.9,8.91,18.83,15.37,True,82.3,1.11,False,15.37,25.75,30.94
601857,中国石油,2026-06-12,10.38,60,B,LEG1,True,False,99.6,63.8,6.86,13.69,9.33,True,34.6,0.89,False,9.33,22.41,28.95
601868,中国能建,2026-06-12,2.65,65,A,READY,True,False,102.1,58.3,1.95,3.94,2.78,True,38.2,0.57,False,2.78,6.26,8.0
601877,正泰电器,2026-06-12,27.19,40,C,READY,True,False,173.5,42.6,15.19,41.54,30.32,False,29.7,0.82,False,30.32,63.98,80.81
601878,浙商证券,2026-06-12,9.3,47,C,LEG1,True,False,31.5,20.4,8.55,11.24,10.69,False,36.3,1.07,False,10.69,12.34,13.17
601881,中国银河,2026-06-12,12.4,47,C,LEG1,True,False,107.9,28.8,7.96,16.55,14.08,False,36.0,1.07,False,14.08,21.49,25.2
601888,中国中免,2026-06-12,58.49,55,B,LEG1,True,False,91.1,49.0,52.22,99.81,76.5,False,29.5,1.63,False,76.5,146.43,181.4
601898,中煤能源,2026-06-12,16.18,75,A,LEG1,True,False,119.7,69.1,9.0,19.77,12.33,True,47.9,0.92,False,12.33,34.65,45.81
601899,紫金矿业,2026-06-12,29.09,47,C,READY,True,False,381.7,42.5,9.33,44.94,29.8,False,28.8,1.15,False,29.8,75.22,97.93
601901,方正证券,2026-06-12,6.68,40,C,LEG1,True,False,41.1,34.1,5.98,8.44,7.6,False,32.7,0.95,False,7.6,10.12,11.38
601916,浙商银行,2026-06-12,3.08,85,S,LEG1,True,False,51.4,17.8,2.08,3.15,2.96,True,62.3,1.34,False,2.96,3.53,3.81
601919,中远海控,2026-06-12,14.57,62,B,LEG1,True,False,81.4,46.1,9.36,16.98,13.47,False,48.7,1.14,False,13.47,24.0,29.27
601939,建设银行,2026-06-12,10.7,77,A,LEG1,True,True,157.4,56.9,3.8,9.78,6.38,True,79.0,1.28,False,6.38,16.58,21.68
601988,中国银行,2026-06-12,6.29,77,A,LEG1,True,True,175.1,79.7,2.17,5.97,2.94,True,81.5,1.2,False,2.94,12.03,16.57
601995,中金公司,2026-06-12,32.82,47,C,READY,True,False,50.5,53.8,25.88,38.95,31.92,False,38.5,1.08,False,31.92,53.01,63.56
601998,中信银行,2026-06-12,7.68,45,C,LEG1,False,False,21.7,,6.91,8.41,,True,51.1,1.52,False,,,
603019,中科曙光,2026-06-12,82.15,40,C,READY,True,False,436.6,31.2,19.09,102.43,76.4,False,35.7,0.89,False,76.4,154.49,193.54
603195,公牛集团,2026-06-12,39.98,70,A,LEG1,True,False,31.8,44.6,32.94,43.4,38.73,False,44.7,1.41,False,38.73,52.74,59.75
603259,药明康德,2026-06-12,99.71,85,S,LEG1,True,False,241.1,34.2,33.1,112.92,85.6,True,50.4,1.45,False,85.6,167.56,208.54
603288,海天味业,2026-06-12,35.53,50,B,LEG1,True,False,37.2,68.8,30.94,42.45,34.53,False,40.1,0.97,False,34.53,58.29,70.17
603296,华勤技术,2026-06-12,102.77,87,S,BREAKOUT,True,False,221.0,40.9,34.59,111.03,79.75,True,50.0,1.28,False,79.75,173.59,220.51
603501,豪威集团,2026-06-12,86.01,47,C,LEG1,True,False,106.5,29.0,65.5,135.23,115.0,False,27.0,1.05,False,115.0,175.69,206.03
603799,华友钴业,2026-06-12,50.22,47,C,LEG1,True,False,254.9,33.5,19.82,70.35,53.43,False,28.1,1.14,False,53.43,104.19,129.57
603893,瑞芯微,2026-06-12,160.51,52,B,READY,True,False,444.3,37.5,38.49,209.51,145.45,False,39.2,1.05,False,145.45,337.63,433.72
603986,兆易创新,2026-06-12,481.47,77,A,BREAKOUT,True,True,510.6,34.1,54.11,330.41,236.11,True,85.5,1.02,False,236.11,519.01,660.46
603993,洛阳钼业,2026-06-12,19.11,77,A,READY,True,False,430.5,53.9,5.37,28.49,16.03,True,51.6,1.11,False,16.03,53.41,72.1
605117,德业股份,2026-06-12,103.79,87,S,LEG1,True,True,330.8,64.6,15.45,66.56,33.55,True,55.1,1.19,False,33.55,132.58,182.1
688008,澜起科技,2026-06-12,224.88,87,S,BREAKOUT,True,True,365.0,43.1,40.62,188.88,125.0,True,60.3,1.0,False,125.0,316.64,412.46
688012,中微公司,2026-06-12,303.92,95,S,BREAKOUT,True,True,281.8,35.8,69.78,266.41,195.96,True,67.9,1.86,True,195.96,407.31,512.99
688041,海光信息,2026-06-12,280.0,95,S,BREAKOUT,True,False,761.4,38.7,35.81,308.47,202.98,True,52.4,1.47,False,202.98,519.45,677.69
688047,龙芯中科,2026-06-12,140.56,77,A,LEG1,True,False,193.1,52.8,66.42,194.7,126.97,True,42.4,1.06,False,126.97,330.16,431.75
688082,盛美上海,2026-06-12,304.66,85,S,BREAKOUT,True,True,235.8,52.1,65.07,218.49,138.56,True,91.6,1.9,False,138.56,378.35,498.25
688126,沪硅产业,2026-06-12,29.59,85,S,BREAKOUT,True,True,105.3,39.0,12.18,25.0,20.0,True,84.4,3.01,False,20.0,35.0,42.5
688169,石头科技,2026-06-12,101.99,55,B,READY,True,False,117.1,62.0,76.11,165.21,110.0,False,30.7,1.69,False,110.0,275.63,358.45
688187,时代电气,2026-06-12,53.07,95,S,READY,True,False,121.7,42.9,28.03,62.14,47.51,True,46.5,1.9,False,47.51,91.4,113.35
688256,寒武纪,2026-06-12,1240.0,47,C,SCANNING,False,False,,,,,,True,71.6,1.28,False,,,
688271,联影医疗,2026-06-12,114.02,67,A,LEG1,True,False,64.7,44.5,91.67,150.99,124.61,False,44.5,1.07,False,124.61,203.75,243.32
688303,大全能源,2026-06-12,20.95,70,A,LEG1,True,False,48.9,-12.9,16.68,24.83,25.88,False,42.9,2.2,False,25.88,22.73,21.15
688396,华润微,2026-06-12,60.8,95,S,LEG1,True,False,115.0,67.4,32.98,70.9,45.36,True,56.7,1.5,False,45.36,121.98,160.29
688472,阿特斯,2026-06-12,11.2,40,C,READY,True,False,124.2,59.4,8.25,18.5,12.41,False,26.9,0.83,False,12.41,30.68,39.81
688506,百利天恒,2026-06-12,232.0,55,B,LEG1,True,False,440.9,33.2,61.11,330.55,241.23,False,33.9,1.31,False,241.23,509.19,643.17
688981,中芯国际,2026-06-12,124.88,87,S,BREAKOUT,True,False,272.0,44.2,36.2,134.68,91.2,True,56.0,1.2,False,91.2,221.64,286.86
