代码,错误
000001,too many values to unpack (expected 2)
000002,too many values to unpack (expected 2)
600000,too many values to unpack (expected 2)
600009,too many values to unpack (expected 2)
600010,too many values to unpack (expected 2)
600011,too many values to unpack (expected 2)
600015,too many values to unpack (expected 2)
600016,too many values to unpack (expected 2)
600018,too many values to unpack (expected 2)
600019,too many values to unpack (expected 2)
600023,too many values to unpack (expected 2)
600025,too many values to unpack (expected 2)
600026,too many values to unpack (expected 2)
600027,too many values to unpack (expected 2)
600028,too many values to unpack (expected 2)
600029,too many values to unpack (expected 2)
600030,too many values to unpack (expected 2)
600031,too many values to unpack (expected 2)
600036,too many values to unpack (expected 2)
600039,too many values to unpack (expected 2)
600048,too many values to unpack (expected 2)
600050,too many values to unpack (expected 2)
600061,too many values to unpack (expected 2)
600066,too many values to unpack (expected 2)
600085,too many values to unpack (expected 2)
600089,too many values to unpack (expected 2)
600104,too many values to unpack (expected 2)
600111,too many values to unpack (expected 2)
600115,too many values to unpack (expected 2)
600118,too many values to unpack (expected 2)
600150,too many values to unpack (expected 2)
600160,too many values to unpack (expected 2)
600176,too many values to unpack (expected 2)
600183,too many values to unpack (expected 2)
600188,too many values to unpack (expected 2)
600196,too many values to unpack (expected 2)
600219,too many values to unpack (expected 2)
600221,too many values to unpack (expected 2)
600233,too many values to unpack (expected 2)
600276,too many values to unpack (expected 2)
600309,too many values to unpack (expected 2)
600346,too many values to unpack (expected 2)
600362,too many values to unpack (expected 2)
600372,too many values to unpack (expected 2)
600406,too many values to unpack (expected 2)
600415,too many values to unpack (expected 2)
600426,too many values to unpack (expected 2)
600436,too many values to unpack (expected 2)
600438,too many values to unpack (expected 2)
600460,too many values to unpack (expected 2)
600482,too many values to unpack (expected 2)
600489,too many values to unpack (expected 2)
600515,too many values to unpack (expected 2)
600519,too many values to unpack (expected 2)
600522,too many values to unpack (expected 2)
600547,too many values to unpack (expected 2)
600549,too many values to unpack (expected 2)
600570,too many values to unpack (expected 2)
600584,too many values to unpack (expected 2)
600585,too many values to unpack (expected 2)
600588,too many values to unpack (expected 2)
600600,too many values to unpack (expected 2)
600660,too many values to unpack (expected 2)
600674,too many values to unpack (expected 2)
600690,too many values to unpack (expected 2)
600741,too many values to unpack (expected 2)
600760,too many values to unpack (expected 2)
600795,too many values to unpack (expected 2)
600803,too many values to unpack (expected 2)
600809,too many values to unpack (expected 2)
600845,too many values to unpack (expected 2)
600875,too many values to unpack (expected 2)
600886,too many values to unpack (expected 2)
600887,too many values to unpack (expected 2)
600893,too many values to unpack (expected 2)
600900,too many values to unpack (expected 2)
600905,too many values to unpack (expected 2)
600918,too many values to unpack (expected 2)
600919,too many values to unpack (expected 2)
600926,too many values to unpack (expected 2)
600930,too many values to unpack (expected 2)
600938,too many values to unpack (expected 2)
600941,too many values to unpack (expected 2)
600958,too many values to unpack (expected 2)
600989,too many values to unpack (expected 2)
600999,too many values to unpack (expected 2)
601006,too many values to unpack (expected 2)
601009,too many values to unpack (expected 2)
601012,too many values to unpack (expected 2)
601018,too many values to unpack (expected 2)
601021,too many values to unpack (expected 2)
601058,too many values to unpack (expected 2)
601059,too many values to unpack (expected 2)
601066,too many values to unpack (expected 2)
601077,too many values to unpack (expected 2)
601088,too many values to unpack (expected 2)
601100,too many values to unpack (expected 2)
601111,too many values to unpack (expected 2)
601117,too many values to unpack (expected 2)
601127,too many values to unpack (expected 2)
601136,too many values to unpack (expected 2)
601138,too many values to unpack (expected 2)
601166,too many values to unpack (expected 2)
601169,too many values to unpack (expected 2)
601186,too many values to unpack (expected 2)
601211,too many values to unpack (expected 2)
601225,too many values to unpack (expected 2)
601229,too many values to unpack (expected 2)
601238,too many values to unpack (expected 2)
601288,too many values to unpack (expected 2)
601318,too many values to unpack (expected 2)
601319,too many values to unpack (expected 2)
601328,too many values to unpack (expected 2)
601336,too many values to unpack (expected 2)
601360,too many values to unpack (expected 2)
601377,too many values to unpack (expected 2)
601390,too many values to unpack (expected 2)
601398,too many values to unpack (expected 2)
601456,too many values to unpack (expected 2)
601600,too many values to unpack (expected 2)
601601,too many values to unpack (expected 2)
601607,too many values to unpack (expected 2)
601618,too many values to unpack (expected 2)
601628,too many values to unpack (expected 2)
601633,too many values to unpack (expected 2)
601658,too many values to unpack (expected 2)
601668,too many values to unpack (expected 2)
601669,too many values to unpack (expected 2)
601688,too many values to unpack (expected 2)
601689,too many values to unpack (expected 2)
601698,too many values to unpack (expected 2)
601727,too many values to unpack (expected 2)
601728,too many values to unpack (expected 2)
601766,too many values to unpack (expected 2)
601788,too many values to unpack (expected 2)
601800,too many values to unpack (expected 2)
601816,too many values to unpack (expected 2)
601818,too many values to unpack (expected 2)
601825,too many values to unpack (expected 2)
601838,too many values to unpack (expected 2)
601857,too many values to unpack (expected 2)
601868,too many values to unpack (expected 2)
601872,too many values to unpack (expected 2)
601877,too many values to unpack (expected 2)
601878,too many values to unpack (expected 2)
601881,too many values to unpack (expected 2)
601888,too many values to unpack (expected 2)
601898,too many values to unpack (expected 2)
601899,too many values to unpack (expected 2)
601901,too many values to unpack (expected 2)
601916,too many values to unpack (expected 2)
601919,too many values to unpack (expected 2)
601939,too many values to unpack (expected 2)
601985,too many values to unpack (expected 2)
601988,too many values to unpack (expected 2)
601995,too many values to unpack (expected 2)
601998,too many values to unpack (expected 2)
603019,too many values to unpack (expected 2)
603259,too many values to unpack (expected 2)
603260,too many values to unpack (expected 2)
603288,too many values to unpack (expected 2)
603296,too many values to unpack (expected 2)
603369,too many values to unpack (expected 2)
603392,too many values to unpack (expected 2)
603501,too many values to unpack (expected 2)
603799,too many values to unpack (expected 2)
603893,too many values to unpack (expected 2)
603986,too many values to unpack (expected 2)
603993,too many values to unpack (expected 2)
605117,too many values to unpack (expected 2)
605499,too many values to unpack (expected 2)
688008,too many values to unpack (expected 2)
688009,too many values to unpack (expected 2)
688012,too many values to unpack (expected 2)
688036,too many values to unpack (expected 2)
688041,too many values to unpack (expected 2)
688047,too many values to unpack (expected 2)
688072,too many values to unpack (expected 2)
688082,too many values to unpack (expected 2)
688111,too many values to unpack (expected 2)
688126,too many values to unpack (expected 2)
688183,too many values to unpack (expected 2)
688223,too many values to unpack (expected 2)
688256,too many values to unpack (expected 2)
688271,too many values to unpack (expected 2)
688303,too many values to unpack (expected 2)
688396,too many values to unpack (expected 2)
688472,too many values to unpack (expected 2)
688506,too many values to unpack (expected 2)
688521,too many values to unpack (expected 2)
688981,too many values to unpack (expected 2)
000001,too many values to unpack (expected 2)
000002,too many values to unpack (expected 2)
000063,too many values to unpack (expected 2)
000100,too many values to unpack (expected 2)
000157,too many values to unpack (expected 2)
000166,too many values to unpack (expected 2)
000301,too many values to unpack (expected 2)
000333,too many values to unpack (expected 2)
000338,too many values to unpack (expected 2)
000408,too many values to unpack (expected 2)
000425,too many values to unpack (expected 2)
000538,too many values to unpack (expected 2)
000568,too many values to unpack (expected 2)
000596,too many values to unpack (expected 2)
000617,too many values to unpack (expected 2)
000625,too many values to unpack (expected 2)
000630,too many values to unpack (expected 2)
000651,too many values to unpack (expected 2)
000657,too many values to unpack (expected 2)
000708,too many values to unpack (expected 2)
000725,too many values to unpack (expected 2)
000768,too many values to unpack (expected 2)
000776,too many values to unpack (expected 2)
000792,too many values to unpack (expected 2)
000807,too many values to unpack (expected 2)
000858,too many values to unpack (expected 2)
000895,too many values to unpack (expected 2)
000938,too many values to unpack (expected 2)
000963,too many values to unpack (expected 2)
000975,too many values to unpack (expected 2)
000977,too many values to unpack (expected 2)
000988,too many values to unpack (expected 2)
000999,too many values to unpack (expected 2)
001280,too many values to unpack (expected 2)
001391,too many values to unpack (expected 2)
001965,too many values to unpack (expected 2)
001979,too many values to unpack (expected 2)
002001,too many values to unpack (expected 2)
002027,too many values to unpack (expected 2)
002028,too many values to unpack (expected 2)
002049,too many values to unpack (expected 2)
002050,too many values to unpack (expected 2)
002074,too many values to unpack (expected 2)
002142,too many values to unpack (expected 2)
002179,too many values to unpack (expected 2)
002202,too many values to unpack (expected 2)
002230,too many values to unpack (expected 2)
002236,too many values to unpack (expected 2)
002241,too many values to unpack (expected 2)
002304,too many values to unpack (expected 2)
002311,too many values to unpack (expected 2)
002352,too many values to unpack (expected 2)
002353,too many values to unpack (expected 2)
002371,too many values to unpack (expected 2)
002384,too many values to unpack (expected 2)
002415,too many values to unpack (expected 2)
002422,too many values to unpack (expected 2)
002460,too many values to unpack (expected 2)
002463,too many values to unpack (expected 2)
002466,too many values to unpack (expected 2)
002475,too many values to unpack (expected 2)
002493,too many values to unpack (expected 2)
002532,too many values to unpack (expected 2)
002558,too many values to unpack (expected 2)
002594,too many values to unpack (expected 2)
002600,too many values to unpack (expected 2)
002602,too many values to unpack (expected 2)
002625,too many values to unpack (expected 2)
002648,too many values to unpack (expected 2)
002709,too many values to unpack (expected 2)
002714,too many values to unpack (expected 2)
002736,too many values to unpack (expected 2)
002837,too many values to unpack (expected 2)
002916,too many values to unpack (expected 2)
002920,too many values to unpack (expected 2)
002938,too many values to unpack (expected 2)
003816,too many values to unpack (expected 2)
300014,too many values to unpack (expected 2)
300015,too many values to unpack (expected 2)
300033,too many values to unpack (expected 2)
300059,too many values to unpack (expected 2)
300122,too many values to unpack (expected 2)
300124,too many values to unpack (expected 2)
300251,too many values to unpack (expected 2)
300274,too many values to unpack (expected 2)
300308,too many values to unpack (expected 2)
300316,too many values to unpack (expected 2)
300394,too many values to unpack (expected 2)
300408,too many values to unpack (expected 2)
300413,too many values to unpack (expected 2)
300418,too many values to unpack (expected 2)
300433,too many values to unpack (expected 2)
300442,too many values to unpack (expected 2)
300450,too many values to unpack (expected 2)
300476,too many values to unpack (expected 2)
300498,too many values to unpack (expected 2)
300502,too many values to unpack (expected 2)
300628,too many values to unpack (expected 2)
300661,too many values to unpack (expected 2)
300750,too many values to unpack (expected 2)
300760,too many values to unpack (expected 2)
300803,too many values to unpack (expected 2)
300832,too many values to unpack (expected 2)
300866,too many values to unpack (expected 2)
300896,too many values to unpack (expected 2)
300999,too many values to unpack (expected 2)
301165,too many values to unpack (expected 2)
301236,too many values to unpack (expected 2)
301269,too many values to unpack (expected 2)
301308,too many values to unpack (expected 2)
302132,too many values to unpack (expected 2)
