symbol,error
300001,akshare is not installed. Run: pip install -r requirements.txt
300002,akshare is not installed. Run: pip install -r requirements.txt
300003,akshare is not installed. Run: pip install -r requirements.txt
300004,akshare is not installed. Run: pip install -r requirements.txt
300005,akshare is not installed. Run: pip install -r requirements.txt
300006,akshare is not installed. Run: pip install -r requirements.txt
300007,akshare is not installed. Run: pip install -r requirements.txt
300008,akshare is not installed. Run: pip install -r requirements.txt
300009,akshare is not installed. Run: pip install -r requirements.txt
300010,akshare is not installed. Run: pip install -r requirements.txt
300011,akshare is not installed. Run: pip install -r requirements.txt
300012,akshare is not installed. Run: pip install -r requirements.txt
300013,akshare is not installed. Run: pip install -r requirements.txt
300014,akshare is not installed. Run: pip install -r requirements.txt
300015,akshare is not installed. Run: pip install -r requirements.txt
300016,akshare is not installed. Run: pip install -r requirements.txt
300017,akshare is not installed. Run: pip install -r requirements.txt
300018,akshare is not installed. Run: pip install -r requirements.txt
300019,akshare is not installed. Run: pip install -r requirements.txt
300020,akshare is not installed. Run: pip install -r requirements.txt
300021,akshare is not installed. Run: pip install -r requirements.txt
300022,akshare is not installed. Run: pip install -r requirements.txt
300024,akshare is not installed. Run: pip install -r requirements.txt
300025,akshare is not installed. Run: pip install -r requirements.txt
300026,akshare is not installed. Run: pip install -r requirements.txt
300027,akshare is not installed. Run: pip install -r requirements.txt
300029,akshare is not installed. Run: pip install -r requirements.txt
300030,akshare is not installed. Run: pip install -r requirements.txt
300031,akshare is not installed. Run: pip install -r requirements.txt
300032,akshare is not installed. Run: pip install -r requirements.txt
300033,akshare is not installed. Run: pip install -r requirements.txt
300034,akshare is not installed. Run: pip install -r requirements.txt
300035,akshare is not installed. Run: pip install -r requirements.txt
300036,akshare is not installed. Run: pip install -r requirements.txt
300037,akshare is not installed. Run: pip install -r requirements.txt
300039,akshare is not installed. Run: pip install -r requirements.txt
300040,akshare is not installed. Run: pip install -r requirements.txt
300041,akshare is not installed. Run: pip install -r requirements.txt
300042,akshare is not installed. Run: pip install -r requirements.txt
300043,akshare is not installed. Run: pip install -r requirements.txt
300044,akshare is not installed. Run: pip install -r requirements.txt
300045,akshare is not installed. Run: pip install -r requirements.txt
300046,akshare is not installed. Run: pip install -r requirements.txt
300047,akshare is not installed. Run: pip install -r requirements.txt
300048,akshare is not installed. Run: pip install -r requirements.txt
300049,akshare is not installed. Run: pip install -r requirements.txt
300050,akshare is not installed. Run: pip install -r requirements.txt
300051,akshare is not installed. Run: pip install -r requirements.txt
300052,akshare is not installed. Run: pip install -r requirements.txt
300053,akshare is not installed. Run: pip install -r requirements.txt
300054,akshare is not installed. Run: pip install -r requirements.txt
300055,akshare is not installed. Run: pip install -r requirements.txt
300056,akshare is not installed. Run: pip install -r requirements.txt
300057,akshare is not installed. Run: pip install -r requirements.txt
300058,akshare is not installed. Run: pip install -r requirements.txt
300059,akshare is not installed. Run: pip install -r requirements.txt
300061,akshare is not installed. Run: pip install -r requirements.txt
300062,akshare is not installed. Run: pip install -r requirements.txt
300063,akshare is not installed. Run: pip install -r requirements.txt
300065,akshare is not installed. Run: pip install -r requirements.txt
300066,akshare is not installed. Run: pip install -r requirements.txt
300067,akshare is not installed. Run: pip install -r requirements.txt
300068,akshare is not installed. Run: pip install -r requirements.txt
300069,akshare is not installed. Run: pip install -r requirements.txt
300070,akshare is not installed. Run: pip install -r requirements.txt
300071,akshare is not installed. Run: pip install -r requirements.txt
300072,akshare is not installed. Run: pip install -r requirements.txt
300073,akshare is not installed. Run: pip install -r requirements.txt
300074,akshare is not installed. Run: pip install -r requirements.txt
300075,akshare is not installed. Run: pip install -r requirements.txt
300076,akshare is not installed. Run: pip install -r requirements.txt
300077,akshare is not installed. Run: pip install -r requirements.txt
300078,akshare is not installed. Run: pip install -r requirements.txt
300079,akshare is not installed. Run: pip install -r requirements.txt
300080,akshare is not installed. Run: pip install -r requirements.txt
300081,akshare is not installed. Run: pip install -r requirements.txt
300082,akshare is not installed. Run: pip install -r requirements.txt
300083,akshare is not installed. Run: pip install -r requirements.txt
300084,akshare is not installed. Run: pip install -r requirements.txt
300085,akshare is not installed. Run: pip install -r requirements.txt
300086,akshare is not installed. Run: pip install -r requirements.txt
300087,akshare is not installed. Run: pip install -r requirements.txt
300088,akshare is not installed. Run: pip install -r requirements.txt
300091,akshare is not installed. Run: pip install -r requirements.txt
300092,akshare is not installed. Run: pip install -r requirements.txt
300093,akshare is not installed. Run: pip install -r requirements.txt
300094,akshare is not installed. Run: pip install -r requirements.txt
300095,akshare is not installed. Run: pip install -r requirements.txt
300096,akshare is not installed. Run: pip install -r requirements.txt
300097,akshare is not installed. Run: pip install -r requirements.txt
300098,akshare is not installed. Run: pip install -r requirements.txt
300099,akshare is not installed. Run: pip install -r requirements.txt
300100,akshare is not installed. Run: pip install -r requirements.txt
300101,akshare is not installed. Run: pip install -r requirements.txt
300102,akshare is not installed. Run: pip install -r requirements.txt
300103,akshare is not installed. Run: pip install -r requirements.txt
300105,akshare is not installed. Run: pip install -r requirements.txt
300106,akshare is not installed. Run: pip install -r requirements.txt
300107,akshare is not installed. Run: pip install -r requirements.txt
300109,akshare is not installed. Run: pip install -r requirements.txt
300110,akshare is not installed. Run: pip install -r requirements.txt
300111,akshare is not installed. Run: pip install -r requirements.txt
300112,akshare is not installed. Run: pip install -r requirements.txt
300113,akshare is not installed. Run: pip install -r requirements.txt
300115,akshare is not installed. Run: pip install -r requirements.txt
300118,akshare is not installed. Run: pip install -r requirements.txt
300119,akshare is not installed. Run: pip install -r requirements.txt
300120,akshare is not installed. Run: pip install -r requirements.txt
300121,akshare is not installed. Run: pip install -r requirements.txt
300122,akshare is not installed. Run: pip install -r requirements.txt
300123,akshare is not installed. Run: pip install -r requirements.txt
300124,akshare is not installed. Run: pip install -r requirements.txt
300125,akshare is not installed. Run: pip install -r requirements.txt
300126,akshare is not installed. Run: pip install -r requirements.txt
300127,akshare is not installed. Run: pip install -r requirements.txt
300128,akshare is not installed. Run: pip install -r requirements.txt
300129,akshare is not installed. Run: pip install -r requirements.txt
300130,akshare is not installed. Run: pip install -r requirements.txt
300131,akshare is not installed. Run: pip install -r requirements.txt
300132,akshare is not installed. Run: pip install -r requirements.txt
300133,akshare is not installed. Run: pip install -r requirements.txt
300134,akshare is not installed. Run: pip install -r requirements.txt
300135,akshare is not installed. Run: pip install -r requirements.txt
300136,akshare is not installed. Run: pip install -r requirements.txt
300137,akshare is not installed. Run: pip install -r requirements.txt
300138,akshare is not installed. Run: pip install -r requirements.txt
300139,akshare is not installed. Run: pip install -r requirements.txt
300140,akshare is not installed. Run: pip install -r requirements.txt
300141,akshare is not installed. Run: pip install -r requirements.txt
300142,akshare is not installed. Run: pip install -r requirements.txt
300143,akshare is not installed. Run: pip install -r requirements.txt
300144,akshare is not installed. Run: pip install -r requirements.txt
300145,akshare is not installed. Run: pip install -r requirements.txt
300146,akshare is not installed. Run: pip install -r requirements.txt
300147,akshare is not installed. Run: pip install -r requirements.txt
300148,akshare is not installed. Run: pip install -r requirements.txt
300149,akshare is not installed. Run: pip install -r requirements.txt
300150,akshare is not installed. Run: pip install -r requirements.txt
300151,akshare is not installed. Run: pip install -r requirements.txt
300152,akshare is not installed. Run: pip install -r requirements.txt
300153,akshare is not installed. Run: pip install -r requirements.txt
300154,akshare is not installed. Run: pip install -r requirements.txt
300155,akshare is not installed. Run: pip install -r requirements.txt
300157,akshare is not installed. Run: pip install -r requirements.txt
300158,akshare is not installed. Run: pip install -r requirements.txt
300159,akshare is not installed. Run: pip install -r requirements.txt
300160,akshare is not installed. Run: pip install -r requirements.txt
300161,akshare is not installed. Run: pip install -r requirements.txt
300162,akshare is not installed. Run: pip install -r requirements.txt
300163,akshare is not installed. Run: pip install -r requirements.txt
300164,akshare is not installed. Run: pip install -r requirements.txt
300165,akshare is not installed. Run: pip install -r requirements.txt
300166,akshare is not installed. Run: pip install -r requirements.txt
300167,akshare is not installed. Run: pip install -r requirements.txt
300168,akshare is not installed. Run: pip install -r requirements.txt
300169,akshare is not installed. Run: pip install -r requirements.txt
300170,akshare is not installed. Run: pip install -r requirements.txt
300171,akshare is not installed. Run: pip install -r requirements.txt
300172,akshare is not installed. Run: pip install -r requirements.txt
300173,akshare is not installed. Run: pip install -r requirements.txt
300174,akshare is not installed. Run: pip install -r requirements.txt
300175,akshare is not installed. Run: pip install -r requirements.txt
300176,akshare is not installed. Run: pip install -r requirements.txt
300177,akshare is not installed. Run: pip install -r requirements.txt
300179,akshare is not installed. Run: pip install -r requirements.txt
300180,akshare is not installed. Run: pip install -r requirements.txt
300181,akshare is not installed. Run: pip install -r requirements.txt
300182,akshare is not installed. Run: pip install -r requirements.txt
300183,akshare is not installed. Run: pip install -r requirements.txt
300184,akshare is not installed. Run: pip install -r requirements.txt
300185,akshare is not installed. Run: pip install -r requirements.txt
300187,akshare is not installed. Run: pip install -r requirements.txt
300188,akshare is not installed. Run: pip install -r requirements.txt
300189,akshare is not installed. Run: pip install -r requirements.txt
300190,akshare is not installed. Run: pip install -r requirements.txt
300191,akshare is not installed. Run: pip install -r requirements.txt
300192,akshare is not installed. Run: pip install -r requirements.txt
300193,akshare is not installed. Run: pip install -r requirements.txt
300194,akshare is not installed. Run: pip install -r requirements.txt
300195,akshare is not installed. Run: pip install -r requirements.txt
300196,akshare is not installed. Run: pip install -r requirements.txt
300197,akshare is not installed. Run: pip install -r requirements.txt
300198,akshare is not installed. Run: pip install -r requirements.txt
300199,akshare is not installed. Run: pip install -r requirements.txt
300200,akshare is not installed. Run: pip install -r requirements.txt
300201,akshare is not installed. Run: pip install -r requirements.txt
300203,akshare is not installed. Run: pip install -r requirements.txt
300204,akshare is not installed. Run: pip install -r requirements.txt
300205,akshare is not installed. Run: pip install -r requirements.txt
300206,akshare is not installed. Run: pip install -r requirements.txt
300207,akshare is not installed. Run: pip install -r requirements.txt
300209,akshare is not installed. Run: pip install -r requirements.txt
300210,akshare is not installed. Run: pip install -r requirements.txt
300211,akshare is not installed. Run: pip install -r requirements.txt
300212,akshare is not installed. Run: pip install -r requirements.txt
300213,akshare is not installed. Run: pip install -r requirements.txt
300214,akshare is not installed. Run: pip install -r requirements.txt
300215,akshare is not installed. Run: pip install -r requirements.txt
300217,akshare is not installed. Run: pip install -r requirements.txt
300218,akshare is not installed. Run: pip install -r requirements.txt
300219,akshare is not installed. Run: pip install -r requirements.txt
300220,akshare is not installed. Run: pip install -r requirements.txt
300221,akshare is not installed. Run: pip install -r requirements.txt
300222,akshare is not installed. Run: pip install -r requirements.txt
300223,akshare is not installed. Run: pip install -r requirements.txt
300224,akshare is not installed. Run: pip install -r requirements.txt
300225,akshare is not installed. Run: pip install -r requirements.txt
300226,akshare is not installed. Run: pip install -r requirements.txt
300227,akshare is not installed. Run: pip install -r requirements.txt
300228,akshare is not installed. Run: pip install -r requirements.txt
300229,akshare is not installed. Run: pip install -r requirements.txt
300230,akshare is not installed. Run: pip install -r requirements.txt
300231,akshare is not installed. Run: pip install -r requirements.txt
300232,akshare is not installed. Run: pip install -r requirements.txt
300233,akshare is not installed. Run: pip install -r requirements.txt
300234,akshare is not installed. Run: pip install -r requirements.txt
300235,akshare is not installed. Run: pip install -r requirements.txt
300236,akshare is not installed. Run: pip install -r requirements.txt
300237,akshare is not installed. Run: pip install -r requirements.txt
300238,akshare is not installed. Run: pip install -r requirements.txt
300239,akshare is not installed. Run: pip install -r requirements.txt
300240,akshare is not installed. Run: pip install -r requirements.txt
300241,akshare is not installed. Run: pip install -r requirements.txt
300242,akshare is not installed. Run: pip install -r requirements.txt
300243,akshare is not installed. Run: pip install -r requirements.txt
300244,akshare is not installed. Run: pip install -r requirements.txt
300245,akshare is not installed. Run: pip install -r requirements.txt
300246,akshare is not installed. Run: pip install -r requirements.txt
300247,akshare is not installed. Run: pip install -r requirements.txt
300248,akshare is not installed. Run: pip install -r requirements.txt
300249,akshare is not installed. Run: pip install -r requirements.txt
300250,akshare is not installed. Run: pip install -r requirements.txt
300251,akshare is not installed. Run: pip install -r requirements.txt
300252,akshare is not installed. Run: pip install -r requirements.txt
300253,akshare is not installed. Run: pip install -r requirements.txt
300254,akshare is not installed. Run: pip install -r requirements.txt
300255,akshare is not installed. Run: pip install -r requirements.txt
300256,akshare is not installed. Run: pip install -r requirements.txt
300257,akshare is not installed. Run: pip install -r requirements.txt
300258,akshare is not installed. Run: pip install -r requirements.txt
300259,akshare is not installed. Run: pip install -r requirements.txt
300260,akshare is not installed. Run: pip install -r requirements.txt
300261,akshare is not installed. Run: pip install -r requirements.txt
300263,akshare is not installed. Run: pip install -r requirements.txt
300264,akshare is not installed. Run: pip install -r requirements.txt
300265,akshare is not installed. Run: pip install -r requirements.txt
300266,akshare is not installed. Run: pip install -r requirements.txt
300267,akshare is not installed. Run: pip install -r requirements.txt
300268,akshare is not installed. Run: pip install -r requirements.txt
300269,akshare is not installed. Run: pip install -r requirements.txt
300270,akshare is not installed. Run: pip install -r requirements.txt
300271,akshare is not installed. Run: pip install -r requirements.txt
300272,akshare is not installed. Run: pip install -r requirements.txt
300274,akshare is not installed. Run: pip install -r requirements.txt
300275,akshare is not installed. Run: pip install -r requirements.txt
300276,akshare is not installed. Run: pip install -r requirements.txt
300277,akshare is not installed. Run: pip install -r requirements.txt
300278,akshare is not installed. Run: pip install -r requirements.txt
300279,akshare is not installed. Run: pip install -r requirements.txt
300281,akshare is not installed. Run: pip install -r requirements.txt
300283,akshare is not installed. Run: pip install -r requirements.txt
300284,akshare is not installed. Run: pip install -r requirements.txt
300285,akshare is not installed. Run: pip install -r requirements.txt
300286,akshare is not installed. Run: pip install -r requirements.txt
300287,akshare is not installed. Run: pip install -r requirements.txt
300288,akshare is not installed. Run: pip install -r requirements.txt
300289,akshare is not installed. Run: pip install -r requirements.txt
300290,akshare is not installed. Run: pip install -r requirements.txt
300291,akshare is not installed. Run: pip install -r requirements.txt
300292,akshare is not installed. Run: pip install -r requirements.txt
300293,akshare is not installed. Run: pip install -r requirements.txt
300294,akshare is not installed. Run: pip install -r requirements.txt
300295,akshare is not installed. Run: pip install -r requirements.txt
300296,akshare is not installed. Run: pip install -r requirements.txt
300298,akshare is not installed. Run: pip install -r requirements.txt
300299,akshare is not installed. Run: pip install -r requirements.txt
300300,akshare is not installed. Run: pip install -r requirements.txt
300301,akshare is not installed. Run: pip install -r requirements.txt
300302,akshare is not installed. Run: pip install -r requirements.txt
300303,akshare is not installed. Run: pip install -r requirements.txt
300304,akshare is not installed. Run: pip install -r requirements.txt
300305,akshare is not installed. Run: pip install -r requirements.txt
300306,akshare is not installed. Run: pip install -r requirements.txt
300307,akshare is not installed. Run: pip install -r requirements.txt
300308,akshare is not installed. Run: pip install -r requirements.txt
300310,akshare is not installed. Run: pip install -r requirements.txt
300311,akshare is not installed. Run: pip install -r requirements.txt
300313,akshare is not installed. Run: pip install -r requirements.txt
300314,akshare is not installed. Run: pip install -r requirements.txt
300315,akshare is not installed. Run: pip install -r requirements.txt
300316,akshare is not installed. Run: pip install -r requirements.txt
300317,akshare is not installed. Run: pip install -r requirements.txt
300318,akshare is not installed. Run: pip install -r requirements.txt
300319,akshare is not installed. Run: pip install -r requirements.txt
300320,akshare is not installed. Run: pip install -r requirements.txt
300321,akshare is not installed. Run: pip install -r requirements.txt
300322,akshare is not installed. Run: pip install -r requirements.txt
300323,akshare is not installed. Run: pip install -r requirements.txt
300324,akshare is not installed. Run: pip install -r requirements.txt
300326,akshare is not installed. Run: pip install -r requirements.txt
300327,akshare is not installed. Run: pip install -r requirements.txt
300328,akshare is not installed. Run: pip install -r requirements.txt
300329,akshare is not installed. Run: pip install -r requirements.txt
300331,akshare is not installed. Run: pip install -r requirements.txt
300332,akshare is not installed. Run: pip install -r requirements.txt
300333,akshare is not installed. Run: pip install -r requirements.txt
300334,akshare is not installed. Run: pip install -r requirements.txt
300335,akshare is not installed. Run: pip install -r requirements.txt
300337,akshare is not installed. Run: pip install -r requirements.txt
300338,akshare is not installed. Run: pip install -r requirements.txt
300339,akshare is not installed. Run: pip install -r requirements.txt
300340,akshare is not installed. Run: pip install -r requirements.txt
300341,akshare is not installed. Run: pip install -r requirements.txt
300342,akshare is not installed. Run: pip install -r requirements.txt
300343,akshare is not installed. Run: pip install -r requirements.txt
300345,akshare is not installed. Run: pip install -r requirements.txt
300346,akshare is not installed. Run: pip install -r requirements.txt
300347,akshare is not installed. Run: pip install -r requirements.txt
300348,akshare is not installed. Run: pip install -r requirements.txt
300349,akshare is not installed. Run: pip install -r requirements.txt
300350,akshare is not installed. Run: pip install -r requirements.txt
300351,akshare is not installed. Run: pip install -r requirements.txt
300352,akshare is not installed. Run: pip install -r requirements.txt
300353,akshare is not installed. Run: pip install -r requirements.txt
300354,akshare is not installed. Run: pip install -r requirements.txt
300355,akshare is not installed. Run: pip install -r requirements.txt
300357,akshare is not installed. Run: pip install -r requirements.txt
300358,akshare is not installed. Run: pip install -r requirements.txt
300359,akshare is not installed. Run: pip install -r requirements.txt
300360,akshare is not installed. Run: pip install -r requirements.txt
300363,akshare is not installed. Run: pip install -r requirements.txt
300364,akshare is not installed. Run: pip install -r requirements.txt
300365,akshare is not installed. Run: pip install -r requirements.txt
300366,akshare is not installed. Run: pip install -r requirements.txt
300368,akshare is not installed. Run: pip install -r requirements.txt
300369,akshare is not installed. Run: pip install -r requirements.txt
300370,akshare is not installed. Run: pip install -r requirements.txt
300371,akshare is not installed. Run: pip install -r requirements.txt
300373,akshare is not installed. Run: pip install -r requirements.txt
300374,akshare is not installed. Run: pip install -r requirements.txt
300375,akshare is not installed. Run: pip install -r requirements.txt
300376,akshare is not installed. Run: pip install -r requirements.txt
300377,akshare is not installed. Run: pip install -r requirements.txt
300378,akshare is not installed. Run: pip install -r requirements.txt
300380,akshare is not installed. Run: pip install -r requirements.txt
300381,akshare is not installed. Run: pip install -r requirements.txt
300382,akshare is not installed. Run: pip install -r requirements.txt
300383,akshare is not installed. Run: pip install -r requirements.txt
300384,akshare is not installed. Run: pip install -r requirements.txt
300385,akshare is not installed. Run: pip install -r requirements.txt
300386,akshare is not installed. Run: pip install -r requirements.txt
300387,akshare is not installed. Run: pip install -r requirements.txt
300388,akshare is not installed. Run: pip install -r requirements.txt
300389,akshare is not installed. Run: pip install -r requirements.txt
300390,akshare is not installed. Run: pip install -r requirements.txt
300393,akshare is not installed. Run: pip install -r requirements.txt
300394,akshare is not installed. Run: pip install -r requirements.txt
300395,akshare is not installed. Run: pip install -r requirements.txt
300396,akshare is not installed. Run: pip install -r requirements.txt
300397,akshare is not installed. Run: pip install -r requirements.txt
300398,akshare is not installed. Run: pip install -r requirements.txt
300399,akshare is not installed. Run: pip install -r requirements.txt
300400,akshare is not installed. Run: pip install -r requirements.txt
300401,akshare is not installed. Run: pip install -r requirements.txt
300402,akshare is not installed. Run: pip install -r requirements.txt
300403,akshare is not installed. Run: pip install -r requirements.txt
300404,akshare is not installed. Run: pip install -r requirements.txt
300405,akshare is not installed. Run: pip install -r requirements.txt
300406,akshare is not installed. Run: pip install -r requirements.txt
300407,akshare is not installed. Run: pip install -r requirements.txt
300408,akshare is not installed. Run: pip install -r requirements.txt
300409,akshare is not installed. Run: pip install -r requirements.txt
300410,akshare is not installed. Run: pip install -r requirements.txt
300411,akshare is not installed. Run: pip install -r requirements.txt
300412,akshare is not installed. Run: pip install -r requirements.txt
300413,akshare is not installed. Run: pip install -r requirements.txt
300414,akshare is not installed. Run: pip install -r requirements.txt
300415,akshare is not installed. Run: pip install -r requirements.txt
300416,akshare is not installed. Run: pip install -r requirements.txt
300417,akshare is not installed. Run: pip install -r requirements.txt
300418,akshare is not installed. Run: pip install -r requirements.txt
300419,akshare is not installed. Run: pip install -r requirements.txt
300420,akshare is not installed. Run: pip install -r requirements.txt
300421,akshare is not installed. Run: pip install -r requirements.txt
300422,akshare is not installed. Run: pip install -r requirements.txt
300423,akshare is not installed. Run: pip install -r requirements.txt
300424,akshare is not installed. Run: pip install -r requirements.txt
300425,akshare is not installed. Run: pip install -r requirements.txt
300426,akshare is not installed. Run: pip install -r requirements.txt
300427,akshare is not installed. Run: pip install -r requirements.txt
300428,akshare is not installed. Run: pip install -r requirements.txt
300429,akshare is not installed. Run: pip install -r requirements.txt
300430,akshare is not installed. Run: pip install -r requirements.txt
300432,akshare is not installed. Run: pip install -r requirements.txt
300433,akshare is not installed. Run: pip install -r requirements.txt
300434,akshare is not installed. Run: pip install -r requirements.txt
300435,akshare is not installed. Run: pip install -r requirements.txt
300436,akshare is not installed. Run: pip install -r requirements.txt
300437,akshare is not installed. Run: pip install -r requirements.txt
300438,akshare is not installed. Run: pip install -r requirements.txt
300439,akshare is not installed. Run: pip install -r requirements.txt
300440,akshare is not installed. Run: pip install -r requirements.txt
300441,akshare is not installed. Run: pip install -r requirements.txt
300442,akshare is not installed. Run: pip install -r requirements.txt
300443,akshare is not installed. Run: pip install -r requirements.txt
300444,akshare is not installed. Run: pip install -r requirements.txt
300445,akshare is not installed. Run: pip install -r requirements.txt
300446,akshare is not installed. Run: pip install -r requirements.txt
300447,akshare is not installed. Run: pip install -r requirements.txt
300448,akshare is not installed. Run: pip install -r requirements.txt
300449,akshare is not installed. Run: pip install -r requirements.txt
300450,akshare is not installed. Run: pip install -r requirements.txt
300451,akshare is not installed. Run: pip install -r requirements.txt
300452,akshare is not installed. Run: pip install -r requirements.txt
300453,akshare is not installed. Run: pip install -r requirements.txt
300454,akshare is not installed. Run: pip install -r requirements.txt
300455,akshare is not installed. Run: pip install -r requirements.txt
300456,akshare is not installed. Run: pip install -r requirements.txt
300457,akshare is not installed. Run: pip install -r requirements.txt
300458,akshare is not installed. Run: pip install -r requirements.txt
300459,akshare is not installed. Run: pip install -r requirements.txt
300460,akshare is not installed. Run: pip install -r requirements.txt
300461,akshare is not installed. Run: pip install -r requirements.txt
300462,akshare is not installed. Run: pip install -r requirements.txt
300463,akshare is not installed. Run: pip install -r requirements.txt
300464,akshare is not installed. Run: pip install -r requirements.txt
300465,akshare is not installed. Run: pip install -r requirements.txt
300466,akshare is not installed. Run: pip install -r requirements.txt
300467,akshare is not installed. Run: pip install -r requirements.txt
300468,akshare is not installed. Run: pip install -r requirements.txt
300469,akshare is not installed. Run: pip install -r requirements.txt
300470,akshare is not installed. Run: pip install -r requirements.txt
300471,akshare is not installed. Run: pip install -r requirements.txt
300472,akshare is not installed. Run: pip install -r requirements.txt
300473,akshare is not installed. Run: pip install -r requirements.txt
300474,akshare is not installed. Run: pip install -r requirements.txt
300475,akshare is not installed. Run: pip install -r requirements.txt
300476,akshare is not installed. Run: pip install -r requirements.txt
300477,akshare is not installed. Run: pip install -r requirements.txt
300478,akshare is not installed. Run: pip install -r requirements.txt
300479,akshare is not installed. Run: pip install -r requirements.txt
300480,akshare is not installed. Run: pip install -r requirements.txt
300481,akshare is not installed. Run: pip install -r requirements.txt
300482,akshare is not installed. Run: pip install -r requirements.txt
300483,akshare is not installed. Run: pip install -r requirements.txt
300484,akshare is not installed. Run: pip install -r requirements.txt
300485,akshare is not installed. Run: pip install -r requirements.txt
300486,akshare is not installed. Run: pip install -r requirements.txt
300487,akshare is not installed. Run: pip install -r requirements.txt
300488,akshare is not installed. Run: pip install -r requirements.txt
300489,akshare is not installed. Run: pip install -r requirements.txt
300490,akshare is not installed. Run: pip install -r requirements.txt
300491,akshare is not installed. Run: pip install -r requirements.txt
300492,akshare is not installed. Run: pip install -r requirements.txt
300493,akshare is not installed. Run: pip install -r requirements.txt
300494,akshare is not installed. Run: pip install -r requirements.txt
300496,akshare is not installed. Run: pip install -r requirements.txt
300497,akshare is not installed. Run: pip install -r requirements.txt
300498,akshare is not installed. Run: pip install -r requirements.txt
300499,akshare is not installed. Run: pip install -r requirements.txt
300500,akshare is not installed. Run: pip install -r requirements.txt
300501,akshare is not installed. Run: pip install -r requirements.txt
300502,akshare is not installed. Run: pip install -r requirements.txt
300503,akshare is not installed. Run: pip install -r requirements.txt
300504,akshare is not installed. Run: pip install -r requirements.txt
300505,akshare is not installed. Run: pip install -r requirements.txt
300506,akshare is not installed. Run: pip install -r requirements.txt
300507,akshare is not installed. Run: pip install -r requirements.txt
300508,akshare is not installed. Run: pip install -r requirements.txt
300509,akshare is not installed. Run: pip install -r requirements.txt
300510,akshare is not installed. Run: pip install -r requirements.txt
300511,akshare is not installed. Run: pip install -r requirements.txt
300512,akshare is not installed. Run: pip install -r requirements.txt
300513,akshare is not installed. Run: pip install -r requirements.txt
300514,akshare is not installed. Run: pip install -r requirements.txt
300515,akshare is not installed. Run: pip install -r requirements.txt
300516,akshare is not installed. Run: pip install -r requirements.txt
300517,akshare is not installed. Run: pip install -r requirements.txt
300518,akshare is not installed. Run: pip install -r requirements.txt
300519,akshare is not installed. Run: pip install -r requirements.txt
300520,akshare is not installed. Run: pip install -r requirements.txt
300521,akshare is not installed. Run: pip install -r requirements.txt
300522,akshare is not installed. Run: pip install -r requirements.txt
300523,akshare is not installed. Run: pip install -r requirements.txt
300525,akshare is not installed. Run: pip install -r requirements.txt
300527,akshare is not installed. Run: pip install -r requirements.txt
300528,akshare is not installed. Run: pip install -r requirements.txt
300529,akshare is not installed. Run: pip install -r requirements.txt
300530,akshare is not installed. Run: pip install -r requirements.txt
300531,akshare is not installed. Run: pip install -r requirements.txt
300532,akshare is not installed. Run: pip install -r requirements.txt
300533,akshare is not installed. Run: pip install -r requirements.txt
300534,akshare is not installed. Run: pip install -r requirements.txt
300535,akshare is not installed. Run: pip install -r requirements.txt
300536,akshare is not installed. Run: pip install -r requirements.txt
300537,akshare is not installed. Run: pip install -r requirements.txt
300538,akshare is not installed. Run: pip install -r requirements.txt
300539,akshare is not installed. Run: pip install -r requirements.txt
300540,akshare is not installed. Run: pip install -r requirements.txt
300541,akshare is not installed. Run: pip install -r requirements.txt
300542,akshare is not installed. Run: pip install -r requirements.txt
300543,akshare is not installed. Run: pip install -r requirements.txt
300545,akshare is not installed. Run: pip install -r requirements.txt
300546,akshare is not installed. Run: pip install -r requirements.txt
300547,akshare is not installed. Run: pip install -r requirements.txt
300548,akshare is not installed. Run: pip install -r requirements.txt
300549,akshare is not installed. Run: pip install -r requirements.txt
300550,akshare is not installed. Run: pip install -r requirements.txt
300551,akshare is not installed. Run: pip install -r requirements.txt
300552,akshare is not installed. Run: pip install -r requirements.txt
300553,akshare is not installed. Run: pip install -r requirements.txt
300554,akshare is not installed. Run: pip install -r requirements.txt
300555,akshare is not installed. Run: pip install -r requirements.txt
300556,akshare is not installed. Run: pip install -r requirements.txt
300557,akshare is not installed. Run: pip install -r requirements.txt
300558,akshare is not installed. Run: pip install -r requirements.txt
300559,akshare is not installed. Run: pip install -r requirements.txt
300560,akshare is not installed. Run: pip install -r requirements.txt
300561,akshare is not installed. Run: pip install -r requirements.txt
300562,akshare is not installed. Run: pip install -r requirements.txt
300563,akshare is not installed. Run: pip install -r requirements.txt
300564,akshare is not installed. Run: pip install -r requirements.txt
300565,akshare is not installed. Run: pip install -r requirements.txt
300566,akshare is not installed. Run: pip install -r requirements.txt
300567,akshare is not installed. Run: pip install -r requirements.txt
300568,akshare is not installed. Run: pip install -r requirements.txt
300569,akshare is not installed. Run: pip install -r requirements.txt
300570,akshare is not installed. Run: pip install -r requirements.txt
300571,akshare is not installed. Run: pip install -r requirements.txt
300572,akshare is not installed. Run: pip install -r requirements.txt
300573,akshare is not installed. Run: pip install -r requirements.txt
300575,akshare is not installed. Run: pip install -r requirements.txt
300576,akshare is not installed. Run: pip install -r requirements.txt
300577,akshare is not installed. Run: pip install -r requirements.txt
300578,akshare is not installed. Run: pip install -r requirements.txt
300579,akshare is not installed. Run: pip install -r requirements.txt
300580,akshare is not installed. Run: pip install -r requirements.txt
300581,akshare is not installed. Run: pip install -r requirements.txt
300582,akshare is not installed. Run: pip install -r requirements.txt
300583,akshare is not installed. Run: pip install -r requirements.txt
300584,akshare is not installed. Run: pip install -r requirements.txt
300585,akshare is not installed. Run: pip install -r requirements.txt
300586,akshare is not installed. Run: pip install -r requirements.txt
300587,akshare is not installed. Run: pip install -r requirements.txt
300588,akshare is not installed. Run: pip install -r requirements.txt
300589,akshare is not installed. Run: pip install -r requirements.txt
300590,akshare is not installed. Run: pip install -r requirements.txt
300591,akshare is not installed. Run: pip install -r requirements.txt
300592,akshare is not installed. Run: pip install -r requirements.txt
300593,akshare is not installed. Run: pip install -r requirements.txt
300594,akshare is not installed. Run: pip install -r requirements.txt
300595,akshare is not installed. Run: pip install -r requirements.txt
300596,akshare is not installed. Run: pip install -r requirements.txt
300597,akshare is not installed. Run: pip install -r requirements.txt
300598,akshare is not installed. Run: pip install -r requirements.txt
300599,akshare is not installed. Run: pip install -r requirements.txt
300600,akshare is not installed. Run: pip install -r requirements.txt
300601,akshare is not installed. Run: pip install -r requirements.txt
300602,akshare is not installed. Run: pip install -r requirements.txt
300603,akshare is not installed. Run: pip install -r requirements.txt
300604,akshare is not installed. Run: pip install -r requirements.txt
300605,akshare is not installed. Run: pip install -r requirements.txt
300606,akshare is not installed. Run: pip install -r requirements.txt
300607,akshare is not installed. Run: pip install -r requirements.txt
300608,akshare is not installed. Run: pip install -r requirements.txt
300609,akshare is not installed. Run: pip install -r requirements.txt
300610,akshare is not installed. Run: pip install -r requirements.txt
300611,akshare is not installed. Run: pip install -r requirements.txt
300612,akshare is not installed. Run: pip install -r requirements.txt
300613,akshare is not installed. Run: pip install -r requirements.txt
300614,akshare is not installed. Run: pip install -r requirements.txt
300615,akshare is not installed. Run: pip install -r requirements.txt
300616,akshare is not installed. Run: pip install -r requirements.txt
300617,akshare is not installed. Run: pip install -r requirements.txt
300618,akshare is not installed. Run: pip install -r requirements.txt
300619,akshare is not installed. Run: pip install -r requirements.txt
300620,akshare is not installed. Run: pip install -r requirements.txt
300621,akshare is not installed. Run: pip install -r requirements.txt
300622,akshare is not installed. Run: pip install -r requirements.txt
300623,akshare is not installed. Run: pip install -r requirements.txt
300624,akshare is not installed. Run: pip install -r requirements.txt
300625,akshare is not installed. Run: pip install -r requirements.txt
300626,akshare is not installed. Run: pip install -r requirements.txt
300627,akshare is not installed. Run: pip install -r requirements.txt
300628,akshare is not installed. Run: pip install -r requirements.txt
300629,akshare is not installed. Run: pip install -r requirements.txt
300631,akshare is not installed. Run: pip install -r requirements.txt
300632,akshare is not installed. Run: pip install -r requirements.txt
300633,akshare is not installed. Run: pip install -r requirements.txt
300634,akshare is not installed. Run: pip install -r requirements.txt
300635,akshare is not installed. Run: pip install -r requirements.txt
300636,akshare is not installed. Run: pip install -r requirements.txt
300637,akshare is not installed. Run: pip install -r requirements.txt
300638,akshare is not installed. Run: pip install -r requirements.txt
300639,akshare is not installed. Run: pip install -r requirements.txt
300640,akshare is not installed. Run: pip install -r requirements.txt
300641,akshare is not installed. Run: pip install -r requirements.txt
300642,akshare is not installed. Run: pip install -r requirements.txt
300643,akshare is not installed. Run: pip install -r requirements.txt
300644,akshare is not installed. Run: pip install -r requirements.txt
300645,akshare is not installed. Run: pip install -r requirements.txt
300647,akshare is not installed. Run: pip install -r requirements.txt
300648,akshare is not installed. Run: pip install -r requirements.txt
300649,akshare is not installed. Run: pip install -r requirements.txt
300650,akshare is not installed. Run: pip install -r requirements.txt
300651,akshare is not installed. Run: pip install -r requirements.txt
300652,akshare is not installed. Run: pip install -r requirements.txt
300653,akshare is not installed. Run: pip install -r requirements.txt
300654,akshare is not installed. Run: pip install -r requirements.txt
300655,akshare is not installed. Run: pip install -r requirements.txt
300656,akshare is not installed. Run: pip install -r requirements.txt
300657,akshare is not installed. Run: pip install -r requirements.txt
300658,akshare is not installed. Run: pip install -r requirements.txt
300659,akshare is not installed. Run: pip install -r requirements.txt
300660,akshare is not installed. Run: pip install -r requirements.txt
300661,akshare is not installed. Run: pip install -r requirements.txt
300662,akshare is not installed. Run: pip install -r requirements.txt
300663,akshare is not installed. Run: pip install -r requirements.txt
300664,akshare is not installed. Run: pip install -r requirements.txt
300665,akshare is not installed. Run: pip install -r requirements.txt
300666,akshare is not installed. Run: pip install -r requirements.txt
300667,akshare is not installed. Run: pip install -r requirements.txt
300668,akshare is not installed. Run: pip install -r requirements.txt
300669,akshare is not installed. Run: pip install -r requirements.txt
300670,akshare is not installed. Run: pip install -r requirements.txt
300671,akshare is not installed. Run: pip install -r requirements.txt
300672,akshare is not installed. Run: pip install -r requirements.txt
300673,akshare is not installed. Run: pip install -r requirements.txt
300674,akshare is not installed. Run: pip install -r requirements.txt
300675,akshare is not installed. Run: pip install -r requirements.txt
300676,akshare is not installed. Run: pip install -r requirements.txt
300677,akshare is not installed. Run: pip install -r requirements.txt
300678,akshare is not installed. Run: pip install -r requirements.txt
300679,akshare is not installed. Run: pip install -r requirements.txt
300680,akshare is not installed. Run: pip install -r requirements.txt
300681,akshare is not installed. Run: pip install -r requirements.txt
300682,akshare is not installed. Run: pip install -r requirements.txt
300683,akshare is not installed. Run: pip install -r requirements.txt
300684,akshare is not installed. Run: pip install -r requirements.txt
300685,akshare is not installed. Run: pip install -r requirements.txt
300686,akshare is not installed. Run: pip install -r requirements.txt
300687,akshare is not installed. Run: pip install -r requirements.txt
300688,akshare is not installed. Run: pip install -r requirements.txt
300689,akshare is not installed. Run: pip install -r requirements.txt
300690,akshare is not installed. Run: pip install -r requirements.txt
300691,akshare is not installed. Run: pip install -r requirements.txt
300692,akshare is not installed. Run: pip install -r requirements.txt
300693,akshare is not installed. Run: pip install -r requirements.txt
300694,akshare is not installed. Run: pip install -r requirements.txt
300695,akshare is not installed. Run: pip install -r requirements.txt
300696,akshare is not installed. Run: pip install -r requirements.txt
300697,akshare is not installed. Run: pip install -r requirements.txt
300698,akshare is not installed. Run: pip install -r requirements.txt
300699,akshare is not installed. Run: pip install -r requirements.txt
300700,akshare is not installed. Run: pip install -r requirements.txt
300701,akshare is not installed. Run: pip install -r requirements.txt
300702,akshare is not installed. Run: pip install -r requirements.txt
300703,akshare is not installed. Run: pip install -r requirements.txt
300705,akshare is not installed. Run: pip install -r requirements.txt
300706,akshare is not installed. Run: pip install -r requirements.txt
300707,akshare is not installed. Run: pip install -r requirements.txt
300708,akshare is not installed. Run: pip install -r requirements.txt
300709,akshare is not installed. Run: pip install -r requirements.txt
300710,akshare is not installed. Run: pip install -r requirements.txt
300711,akshare is not installed. Run: pip install -r requirements.txt
300712,akshare is not installed. Run: pip install -r requirements.txt
300713,akshare is not installed. Run: pip install -r requirements.txt
300715,akshare is not installed. Run: pip install -r requirements.txt
300716,akshare is not installed. Run: pip install -r requirements.txt
300717,akshare is not installed. Run: pip install -r requirements.txt
300718,akshare is not installed. Run: pip install -r requirements.txt
300719,akshare is not installed. Run: pip install -r requirements.txt
300720,akshare is not installed. Run: pip install -r requirements.txt
300721,akshare is not installed. Run: pip install -r requirements.txt
300722,akshare is not installed. Run: pip install -r requirements.txt
300723,akshare is not installed. Run: pip install -r requirements.txt
300724,akshare is not installed. Run: pip install -r requirements.txt
300725,akshare is not installed. Run: pip install -r requirements.txt
300726,akshare is not installed. Run: pip install -r requirements.txt
300727,akshare is not installed. Run: pip install -r requirements.txt
300729,akshare is not installed. Run: pip install -r requirements.txt
300730,akshare is not installed. Run: pip install -r requirements.txt
300731,akshare is not installed. Run: pip install -r requirements.txt
300732,akshare is not installed. Run: pip install -r requirements.txt
300733,akshare is not installed. Run: pip install -r requirements.txt
300735,akshare is not installed. Run: pip install -r requirements.txt
300736,akshare is not installed. Run: pip install -r requirements.txt
300737,akshare is not installed. Run: pip install -r requirements.txt
300738,akshare is not installed. Run: pip install -r requirements.txt
300739,akshare is not installed. Run: pip install -r requirements.txt
300740,akshare is not installed. Run: pip install -r requirements.txt
300741,akshare is not installed. Run: pip install -r requirements.txt
300743,akshare is not installed. Run: pip install -r requirements.txt
300745,akshare is not installed. Run: pip install -r requirements.txt
300746,akshare is not installed. Run: pip install -r requirements.txt
300747,akshare is not installed. Run: pip install -r requirements.txt
300748,akshare is not installed. Run: pip install -r requirements.txt
300749,akshare is not installed. Run: pip install -r requirements.txt
300750,akshare is not installed. Run: pip install -r requirements.txt
300751,akshare is not installed. Run: pip install -r requirements.txt
300752,akshare is not installed. Run: pip install -r requirements.txt
300753,akshare is not installed. Run: pip install -r requirements.txt
300755,akshare is not installed. Run: pip install -r requirements.txt
300756,akshare is not installed. Run: pip install -r requirements.txt
300757,akshare is not installed. Run: pip install -r requirements.txt
300758,akshare is not installed. Run: pip install -r requirements.txt
300759,akshare is not installed. Run: pip install -r requirements.txt
300760,akshare is not installed. Run: pip install -r requirements.txt
300761,akshare is not installed. Run: pip install -r requirements.txt
300762,akshare is not installed. Run: pip install -r requirements.txt
300763,akshare is not installed. Run: pip install -r requirements.txt
300765,akshare is not installed. Run: pip install -r requirements.txt
300766,akshare is not installed. Run: pip install -r requirements.txt
300767,akshare is not installed. Run: pip install -r requirements.txt
300768,akshare is not installed. Run: pip install -r requirements.txt
300769,akshare is not installed. Run: pip install -r requirements.txt
300770,akshare is not installed. Run: pip install -r requirements.txt
300771,akshare is not installed. Run: pip install -r requirements.txt
300772,akshare is not installed. Run: pip install -r requirements.txt
300773,akshare is not installed. Run: pip install -r requirements.txt
300774,akshare is not installed. Run: pip install -r requirements.txt
300775,akshare is not installed. Run: pip install -r requirements.txt
300776,akshare is not installed. Run: pip install -r requirements.txt
300777,akshare is not installed. Run: pip install -r requirements.txt
300778,akshare is not installed. Run: pip install -r requirements.txt
300779,akshare is not installed. Run: pip install -r requirements.txt
300780,akshare is not installed. Run: pip install -r requirements.txt
300781,akshare is not installed. Run: pip install -r requirements.txt
300782,akshare is not installed. Run: pip install -r requirements.txt
300783,akshare is not installed. Run: pip install -r requirements.txt
300784,akshare is not installed. Run: pip install -r requirements.txt
300785,akshare is not installed. Run: pip install -r requirements.txt
300786,akshare is not installed. Run: pip install -r requirements.txt
300787,akshare is not installed. Run: pip install -r requirements.txt
300788,akshare is not installed. Run: pip install -r requirements.txt
300789,akshare is not installed. Run: pip install -r requirements.txt
300790,akshare is not installed. Run: pip install -r requirements.txt
300791,akshare is not installed. Run: pip install -r requirements.txt
300792,akshare is not installed. Run: pip install -r requirements.txt
300793,akshare is not installed. Run: pip install -r requirements.txt
300795,akshare is not installed. Run: pip install -r requirements.txt
300796,akshare is not installed. Run: pip install -r requirements.txt
300797,akshare is not installed. Run: pip install -r requirements.txt
300798,akshare is not installed. Run: pip install -r requirements.txt
300800,akshare is not installed. Run: pip install -r requirements.txt
300801,akshare is not installed. Run: pip install -r requirements.txt
300802,akshare is not installed. Run: pip install -r requirements.txt
300803,akshare is not installed. Run: pip install -r requirements.txt
300804,akshare is not installed. Run: pip install -r requirements.txt
300805,akshare is not installed. Run: pip install -r requirements.txt
300806,akshare is not installed. Run: pip install -r requirements.txt
300807,akshare is not installed. Run: pip install -r requirements.txt
300808,akshare is not installed. Run: pip install -r requirements.txt
300809,akshare is not installed. Run: pip install -r requirements.txt
300810,akshare is not installed. Run: pip install -r requirements.txt
300811,akshare is not installed. Run: pip install -r requirements.txt
300812,akshare is not installed. Run: pip install -r requirements.txt
300813,akshare is not installed. Run: pip install -r requirements.txt
300814,akshare is not installed. Run: pip install -r requirements.txt
300815,akshare is not installed. Run: pip install -r requirements.txt
300816,akshare is not installed. Run: pip install -r requirements.txt
300817,akshare is not installed. Run: pip install -r requirements.txt
300818,akshare is not installed. Run: pip install -r requirements.txt
300819,akshare is not installed. Run: pip install -r requirements.txt
300820,akshare is not installed. Run: pip install -r requirements.txt
300821,akshare is not installed. Run: pip install -r requirements.txt
300822,akshare is not installed. Run: pip install -r requirements.txt
300823,akshare is not installed. Run: pip install -r requirements.txt
300824,akshare is not installed. Run: pip install -r requirements.txt
300825,akshare is not installed. Run: pip install -r requirements.txt
300826,akshare is not installed. Run: pip install -r requirements.txt
300827,akshare is not installed. Run: pip install -r requirements.txt
300828,akshare is not installed. Run: pip install -r requirements.txt
300829,akshare is not installed. Run: pip install -r requirements.txt
300830,akshare is not installed. Run: pip install -r requirements.txt
300831,akshare is not installed. Run: pip install -r requirements.txt
300832,akshare is not installed. Run: pip install -r requirements.txt
300833,akshare is not installed. Run: pip install -r requirements.txt
300834,akshare is not installed. Run: pip install -r requirements.txt
300835,akshare is not installed. Run: pip install -r requirements.txt
300836,akshare is not installed. Run: pip install -r requirements.txt
300837,akshare is not installed. Run: pip install -r requirements.txt
300838,akshare is not installed. Run: pip install -r requirements.txt
300839,akshare is not installed. Run: pip install -r requirements.txt
300840,akshare is not installed. Run: pip install -r requirements.txt
300841,akshare is not installed. Run: pip install -r requirements.txt
300842,akshare is not installed. Run: pip install -r requirements.txt
300843,akshare is not installed. Run: pip install -r requirements.txt
300844,akshare is not installed. Run: pip install -r requirements.txt
300845,akshare is not installed. Run: pip install -r requirements.txt
300846,akshare is not installed. Run: pip install -r requirements.txt
300847,akshare is not installed. Run: pip install -r requirements.txt
300848,akshare is not installed. Run: pip install -r requirements.txt
300849,akshare is not installed. Run: pip install -r requirements.txt
300850,akshare is not installed. Run: pip install -r requirements.txt
300851,akshare is not installed. Run: pip install -r requirements.txt
300852,akshare is not installed. Run: pip install -r requirements.txt
300853,akshare is not installed. Run: pip install -r requirements.txt
300854,akshare is not installed. Run: pip install -r requirements.txt
300855,akshare is not installed. Run: pip install -r requirements.txt
300856,akshare is not installed. Run: pip install -r requirements.txt
300857,akshare is not installed. Run: pip install -r requirements.txt
300858,akshare is not installed. Run: pip install -r requirements.txt
300859,akshare is not installed. Run: pip install -r requirements.txt
300860,akshare is not installed. Run: pip install -r requirements.txt
300861,akshare is not installed. Run: pip install -r requirements.txt
300862,akshare is not installed. Run: pip install -r requirements.txt
300863,akshare is not installed. Run: pip install -r requirements.txt
300864,akshare is not installed. Run: pip install -r requirements.txt
300865,akshare is not installed. Run: pip install -r requirements.txt
300866,akshare is not installed. Run: pip install -r requirements.txt
300867,akshare is not installed. Run: pip install -r requirements.txt
300868,akshare is not installed. Run: pip install -r requirements.txt
300869,akshare is not installed. Run: pip install -r requirements.txt
300870,akshare is not installed. Run: pip install -r requirements.txt
300871,akshare is not installed. Run: pip install -r requirements.txt
300872,akshare is not installed. Run: pip install -r requirements.txt
300873,akshare is not installed. Run: pip install -r requirements.txt
300875,akshare is not installed. Run: pip install -r requirements.txt
300876,akshare is not installed. Run: pip install -r requirements.txt
300877,akshare is not installed. Run: pip install -r requirements.txt
300878,akshare is not installed. Run: pip install -r requirements.txt
300879,akshare is not installed. Run: pip install -r requirements.txt
300880,akshare is not installed. Run: pip install -r requirements.txt
300881,akshare is not installed. Run: pip install -r requirements.txt
300882,akshare is not installed. Run: pip install -r requirements.txt
300883,akshare is not installed. Run: pip install -r requirements.txt
300884,akshare is not installed. Run: pip install -r requirements.txt
300885,akshare is not installed. Run: pip install -r requirements.txt
300886,akshare is not installed. Run: pip install -r requirements.txt
300887,akshare is not installed. Run: pip install -r requirements.txt
300888,akshare is not installed. Run: pip install -r requirements.txt
300889,akshare is not installed. Run: pip install -r requirements.txt
300890,akshare is not installed. Run: pip install -r requirements.txt
300891,akshare is not installed. Run: pip install -r requirements.txt
300892,akshare is not installed. Run: pip install -r requirements.txt
300893,akshare is not installed. Run: pip install -r requirements.txt
300894,akshare is not installed. Run: pip install -r requirements.txt
300895,akshare is not installed. Run: pip install -r requirements.txt
300896,akshare is not installed. Run: pip install -r requirements.txt
300897,akshare is not installed. Run: pip install -r requirements.txt
300898,akshare is not installed. Run: pip install -r requirements.txt
300899,akshare is not installed. Run: pip install -r requirements.txt
300900,akshare is not installed. Run: pip install -r requirements.txt
300901,akshare is not installed. Run: pip install -r requirements.txt
300902,akshare is not installed. Run: pip install -r requirements.txt
300903,akshare is not installed. Run: pip install -r requirements.txt
300904,akshare is not installed. Run: pip install -r requirements.txt
300905,akshare is not installed. Run: pip install -r requirements.txt
300906,akshare is not installed. Run: pip install -r requirements.txt
300907,akshare is not installed. Run: pip install -r requirements.txt
300908,akshare is not installed. Run: pip install -r requirements.txt
300909,akshare is not installed. Run: pip install -r requirements.txt
300910,akshare is not installed. Run: pip install -r requirements.txt
300911,akshare is not installed. Run: pip install -r requirements.txt
300912,akshare is not installed. Run: pip install -r requirements.txt
300913,akshare is not installed. Run: pip install -r requirements.txt
300915,akshare is not installed. Run: pip install -r requirements.txt
300916,akshare is not installed. Run: pip install -r requirements.txt
300917,akshare is not installed. Run: pip install -r requirements.txt
300918,akshare is not installed. Run: pip install -r requirements.txt
300919,akshare is not installed. Run: pip install -r requirements.txt
300920,akshare is not installed. Run: pip install -r requirements.txt
300921,akshare is not installed. Run: pip install -r requirements.txt
300922,akshare is not installed. Run: pip install -r requirements.txt
300923,akshare is not installed. Run: pip install -r requirements.txt
300925,akshare is not installed. Run: pip install -r requirements.txt
300926,akshare is not installed. Run: pip install -r requirements.txt
300927,akshare is not installed. Run: pip install -r requirements.txt
300928,akshare is not installed. Run: pip install -r requirements.txt
300929,akshare is not installed. Run: pip install -r requirements.txt
300930,akshare is not installed. Run: pip install -r requirements.txt
300931,akshare is not installed. Run: pip install -r requirements.txt
300932,akshare is not installed. Run: pip install -r requirements.txt
300933,akshare is not installed. Run: pip install -r requirements.txt
300935,akshare is not installed. Run: pip install -r requirements.txt
300936,akshare is not installed. Run: pip install -r requirements.txt
300937,akshare is not installed. Run: pip install -r requirements.txt
300938,akshare is not installed. Run: pip install -r requirements.txt
300939,akshare is not installed. Run: pip install -r requirements.txt
300940,akshare is not installed. Run: pip install -r requirements.txt
300941,akshare is not installed. Run: pip install -r requirements.txt
300942,akshare is not installed. Run: pip install -r requirements.txt
300943,akshare is not installed. Run: pip install -r requirements.txt
300945,akshare is not installed. Run: pip install -r requirements.txt
300946,akshare is not installed. Run: pip install -r requirements.txt
300947,akshare is not installed. Run: pip install -r requirements.txt
300948,akshare is not installed. Run: pip install -r requirements.txt
300949,akshare is not installed. Run: pip install -r requirements.txt
300950,akshare is not installed. Run: pip install -r requirements.txt
300951,akshare is not installed. Run: pip install -r requirements.txt
300952,akshare is not installed. Run: pip install -r requirements.txt
300953,akshare is not installed. Run: pip install -r requirements.txt
300955,akshare is not installed. Run: pip install -r requirements.txt
300956,akshare is not installed. Run: pip install -r requirements.txt
300957,akshare is not installed. Run: pip install -r requirements.txt
300958,akshare is not installed. Run: pip install -r requirements.txt
300959,akshare is not installed. Run: pip install -r requirements.txt
300960,akshare is not installed. Run: pip install -r requirements.txt
300961,akshare is not installed. Run: pip install -r requirements.txt
300962,akshare is not installed. Run: pip install -r requirements.txt
300963,akshare is not installed. Run: pip install -r requirements.txt
300964,akshare is not installed. Run: pip install -r requirements.txt
300965,akshare is not installed. Run: pip install -r requirements.txt
300966,akshare is not installed. Run: pip install -r requirements.txt
300967,akshare is not installed. Run: pip install -r requirements.txt
300968,akshare is not installed. Run: pip install -r requirements.txt
300969,akshare is not installed. Run: pip install -r requirements.txt
300970,akshare is not installed. Run: pip install -r requirements.txt
300971,akshare is not installed. Run: pip install -r requirements.txt
300972,akshare is not installed. Run: pip install -r requirements.txt
300973,akshare is not installed. Run: pip install -r requirements.txt
300975,akshare is not installed. Run: pip install -r requirements.txt
300976,akshare is not installed. Run: pip install -r requirements.txt
300977,akshare is not installed. Run: pip install -r requirements.txt
300978,akshare is not installed. Run: pip install -r requirements.txt
300979,akshare is not installed. Run: pip install -r requirements.txt
300980,akshare is not installed. Run: pip install -r requirements.txt
300981,akshare is not installed. Run: pip install -r requirements.txt
300982,akshare is not installed. Run: pip install -r requirements.txt
300983,akshare is not installed. Run: pip install -r requirements.txt
300984,akshare is not installed. Run: pip install -r requirements.txt
300985,akshare is not installed. Run: pip install -r requirements.txt
300986,akshare is not installed. Run: pip install -r requirements.txt
300987,akshare is not installed. Run: pip install -r requirements.txt
300988,akshare is not installed. Run: pip install -r requirements.txt
300989,akshare is not installed. Run: pip install -r requirements.txt
300990,akshare is not installed. Run: pip install -r requirements.txt
300991,akshare is not installed. Run: pip install -r requirements.txt
300992,akshare is not installed. Run: pip install -r requirements.txt
300993,akshare is not installed. Run: pip install -r requirements.txt
300994,akshare is not installed. Run: pip install -r requirements.txt
300995,akshare is not installed. Run: pip install -r requirements.txt
300996,akshare is not installed. Run: pip install -r requirements.txt
300997,akshare is not installed. Run: pip install -r requirements.txt
300998,akshare is not installed. Run: pip install -r requirements.txt
300999,akshare is not installed. Run: pip install -r requirements.txt
301000,akshare is not installed. Run: pip install -r requirements.txt
301001,akshare is not installed. Run: pip install -r requirements.txt
301002,akshare is not installed. Run: pip install -r requirements.txt
301003,akshare is not installed. Run: pip install -r requirements.txt
301004,akshare is not installed. Run: pip install -r requirements.txt
301005,akshare is not installed. Run: pip install -r requirements.txt
301006,akshare is not installed. Run: pip install -r requirements.txt
301007,akshare is not installed. Run: pip install -r requirements.txt
301008,akshare is not installed. Run: pip install -r requirements.txt
301009,akshare is not installed. Run: pip install -r requirements.txt
301010,akshare is not installed. Run: pip install -r requirements.txt
301011,akshare is not installed. Run: pip install -r requirements.txt
301012,akshare is not installed. Run: pip install -r requirements.txt
301013,akshare is not installed. Run: pip install -r requirements.txt
301015,akshare is not installed. Run: pip install -r requirements.txt
301016,akshare is not installed. Run: pip install -r requirements.txt
301017,akshare is not installed. Run: pip install -r requirements.txt
301018,akshare is not installed. Run: pip install -r requirements.txt
301019,akshare is not installed. Run: pip install -r requirements.txt
301020,akshare is not installed. Run: pip install -r requirements.txt
301021,akshare is not installed. Run: pip install -r requirements.txt
301022,akshare is not installed. Run: pip install -r requirements.txt
301023,akshare is not installed. Run: pip install -r requirements.txt
301024,akshare is not installed. Run: pip install -r requirements.txt
301025,akshare is not installed. Run: pip install -r requirements.txt
301026,akshare is not installed. Run: pip install -r requirements.txt
301027,akshare is not installed. Run: pip install -r requirements.txt
301028,akshare is not installed. Run: pip install -r requirements.txt
301029,akshare is not installed. Run: pip install -r requirements.txt
301030,akshare is not installed. Run: pip install -r requirements.txt
301031,akshare is not installed. Run: pip install -r requirements.txt
301032,akshare is not installed. Run: pip install -r requirements.txt
301033,akshare is not installed. Run: pip install -r requirements.txt
301035,akshare is not installed. Run: pip install -r requirements.txt
301036,akshare is not installed. Run: pip install -r requirements.txt
301037,akshare is not installed. Run: pip install -r requirements.txt
301038,akshare is not installed. Run: pip install -r requirements.txt
301039,akshare is not installed. Run: pip install -r requirements.txt
301040,akshare is not installed. Run: pip install -r requirements.txt
301041,akshare is not installed. Run: pip install -r requirements.txt
301042,akshare is not installed. Run: pip install -r requirements.txt
301043,akshare is not installed. Run: pip install -r requirements.txt
301045,akshare is not installed. Run: pip install -r requirements.txt
301046,akshare is not installed. Run: pip install -r requirements.txt
301047,akshare is not installed. Run: pip install -r requirements.txt
301048,akshare is not installed. Run: pip install -r requirements.txt
301049,akshare is not installed. Run: pip install -r requirements.txt
301050,akshare is not installed. Run: pip install -r requirements.txt
301051,akshare is not installed. Run: pip install -r requirements.txt
301052,akshare is not installed. Run: pip install -r requirements.txt
301053,akshare is not installed. Run: pip install -r requirements.txt
301055,akshare is not installed. Run: pip install -r requirements.txt
301056,akshare is not installed. Run: pip install -r requirements.txt
301057,akshare is not installed. Run: pip install -r requirements.txt
301058,akshare is not installed. Run: pip install -r requirements.txt
301059,akshare is not installed. Run: pip install -r requirements.txt
301060,akshare is not installed. Run: pip install -r requirements.txt
301061,akshare is not installed. Run: pip install -r requirements.txt
301062,akshare is not installed. Run: pip install -r requirements.txt
301063,akshare is not installed. Run: pip install -r requirements.txt
301065,akshare is not installed. Run: pip install -r requirements.txt
301066,akshare is not installed. Run: pip install -r requirements.txt
301067,akshare is not installed. Run: pip install -r requirements.txt
301068,akshare is not installed. Run: pip install -r requirements.txt
301069,akshare is not installed. Run: pip install -r requirements.txt
301070,akshare is not installed. Run: pip install -r requirements.txt
301071,akshare is not installed. Run: pip install -r requirements.txt
301072,akshare is not installed. Run: pip install -r requirements.txt
301073,akshare is not installed. Run: pip install -r requirements.txt
301075,akshare is not installed. Run: pip install -r requirements.txt
301076,akshare is not installed. Run: pip install -r requirements.txt
301077,akshare is not installed. Run: pip install -r requirements.txt
301078,akshare is not installed. Run: pip install -r requirements.txt
301079,akshare is not installed. Run: pip install -r requirements.txt
301080,akshare is not installed. Run: pip install -r requirements.txt
301081,akshare is not installed. Run: pip install -r requirements.txt
301082,akshare is not installed. Run: pip install -r requirements.txt
301083,akshare is not installed. Run: pip install -r requirements.txt
301085,akshare is not installed. Run: pip install -r requirements.txt
301086,akshare is not installed. Run: pip install -r requirements.txt
301087,akshare is not installed. Run: pip install -r requirements.txt
301088,akshare is not installed. Run: pip install -r requirements.txt
301089,akshare is not installed. Run: pip install -r requirements.txt
301090,akshare is not installed. Run: pip install -r requirements.txt
301091,akshare is not installed. Run: pip install -r requirements.txt
301092,akshare is not installed. Run: pip install -r requirements.txt
301093,akshare is not installed. Run: pip install -r requirements.txt
301095,akshare is not installed. Run: pip install -r requirements.txt
301096,akshare is not installed. Run: pip install -r requirements.txt
301097,akshare is not installed. Run: pip install -r requirements.txt
301098,akshare is not installed. Run: pip install -r requirements.txt
301099,akshare is not installed. Run: pip install -r requirements.txt
301100,akshare is not installed. Run: pip install -r requirements.txt
301101,akshare is not installed. Run: pip install -r requirements.txt
301102,akshare is not installed. Run: pip install -r requirements.txt
301103,akshare is not installed. Run: pip install -r requirements.txt
301105,akshare is not installed. Run: pip install -r requirements.txt
301106,akshare is not installed. Run: pip install -r requirements.txt
301107,akshare is not installed. Run: pip install -r requirements.txt
301108,akshare is not installed. Run: pip install -r requirements.txt
301109,akshare is not installed. Run: pip install -r requirements.txt
301110,akshare is not installed. Run: pip install -r requirements.txt
301111,akshare is not installed. Run: pip install -r requirements.txt
301112,akshare is not installed. Run: pip install -r requirements.txt
301113,akshare is not installed. Run: pip install -r requirements.txt
301115,akshare is not installed. Run: pip install -r requirements.txt
301116,akshare is not installed. Run: pip install -r requirements.txt
301117,akshare is not installed. Run: pip install -r requirements.txt
301118,akshare is not installed. Run: pip install -r requirements.txt
301119,akshare is not installed. Run: pip install -r requirements.txt
301120,akshare is not installed. Run: pip install -r requirements.txt
301121,akshare is not installed. Run: pip install -r requirements.txt
301122,akshare is not installed. Run: pip install -r requirements.txt
301123,akshare is not installed. Run: pip install -r requirements.txt
301125,akshare is not installed. Run: pip install -r requirements.txt
301126,akshare is not installed. Run: pip install -r requirements.txt
301127,akshare is not installed. Run: pip install -r requirements.txt
301128,akshare is not installed. Run: pip install -r requirements.txt
301129,akshare is not installed. Run: pip install -r requirements.txt
301130,akshare is not installed. Run: pip install -r requirements.txt
301131,akshare is not installed. Run: pip install -r requirements.txt
301132,akshare is not installed. Run: pip install -r requirements.txt
301133,akshare is not installed. Run: pip install -r requirements.txt
301135,akshare is not installed. Run: pip install -r requirements.txt
301136,akshare is not installed. Run: pip install -r requirements.txt
301137,akshare is not installed. Run: pip install -r requirements.txt
301138,akshare is not installed. Run: pip install -r requirements.txt
301139,akshare is not installed. Run: pip install -r requirements.txt
301141,akshare is not installed. Run: pip install -r requirements.txt
301148,akshare is not installed. Run: pip install -r requirements.txt
301149,akshare is not installed. Run: pip install -r requirements.txt
301150,akshare is not installed. Run: pip install -r requirements.txt
301151,akshare is not installed. Run: pip install -r requirements.txt
301152,akshare is not installed. Run: pip install -r requirements.txt
301153,akshare is not installed. Run: pip install -r requirements.txt
301155,akshare is not installed. Run: pip install -r requirements.txt
301156,akshare is not installed. Run: pip install -r requirements.txt
301157,akshare is not installed. Run: pip install -r requirements.txt
301158,akshare is not installed. Run: pip install -r requirements.txt
301159,akshare is not installed. Run: pip install -r requirements.txt
301160,akshare is not installed. Run: pip install -r requirements.txt
301161,akshare is not installed. Run: pip install -r requirements.txt
301162,akshare is not installed. Run: pip install -r requirements.txt
301163,akshare is not installed. Run: pip install -r requirements.txt
301165,akshare is not installed. Run: pip install -r requirements.txt
301166,akshare is not installed. Run: pip install -r requirements.txt
301167,akshare is not installed. Run: pip install -r requirements.txt
301168,akshare is not installed. Run: pip install -r requirements.txt
301169,akshare is not installed. Run: pip install -r requirements.txt
301170,akshare is not installed. Run: pip install -r requirements.txt
301171,akshare is not installed. Run: pip install -r requirements.txt
301172,akshare is not installed. Run: pip install -r requirements.txt
301173,akshare is not installed. Run: pip install -r requirements.txt
301175,akshare is not installed. Run: pip install -r requirements.txt
301176,akshare is not installed. Run: pip install -r requirements.txt
301177,akshare is not installed. Run: pip install -r requirements.txt
301178,akshare is not installed. Run: pip install -r requirements.txt
301179,akshare is not installed. Run: pip install -r requirements.txt
301180,akshare is not installed. Run: pip install -r requirements.txt
301181,akshare is not installed. Run: pip install -r requirements.txt
301182,akshare is not installed. Run: pip install -r requirements.txt
301183,akshare is not installed. Run: pip install -r requirements.txt
301185,akshare is not installed. Run: pip install -r requirements.txt
301186,akshare is not installed. Run: pip install -r requirements.txt
301187,akshare is not installed. Run: pip install -r requirements.txt
301188,akshare is not installed. Run: pip install -r requirements.txt
301189,akshare is not installed. Run: pip install -r requirements.txt
301190,akshare is not installed. Run: pip install -r requirements.txt
301191,akshare is not installed. Run: pip install -r requirements.txt
301192,akshare is not installed. Run: pip install -r requirements.txt
301193,akshare is not installed. Run: pip install -r requirements.txt
301195,akshare is not installed. Run: pip install -r requirements.txt
301196,akshare is not installed. Run: pip install -r requirements.txt
301197,akshare is not installed. Run: pip install -r requirements.txt
301198,akshare is not installed. Run: pip install -r requirements.txt
301199,akshare is not installed. Run: pip install -r requirements.txt
301200,akshare is not installed. Run: pip install -r requirements.txt
301201,akshare is not installed. Run: pip install -r requirements.txt
301202,akshare is not installed. Run: pip install -r requirements.txt
301203,akshare is not installed. Run: pip install -r requirements.txt
301205,akshare is not installed. Run: pip install -r requirements.txt
301206,akshare is not installed. Run: pip install -r requirements.txt
301207,akshare is not installed. Run: pip install -r requirements.txt
301208,akshare is not installed. Run: pip install -r requirements.txt
301209,akshare is not installed. Run: pip install -r requirements.txt
301210,akshare is not installed. Run: pip install -r requirements.txt
301211,akshare is not installed. Run: pip install -r requirements.txt
301212,akshare is not installed. Run: pip install -r requirements.txt
301213,akshare is not installed. Run: pip install -r requirements.txt
301215,akshare is not installed. Run: pip install -r requirements.txt
301216,akshare is not installed. Run: pip install -r requirements.txt
301217,akshare is not installed. Run: pip install -r requirements.txt
301218,akshare is not installed. Run: pip install -r requirements.txt
301219,akshare is not installed. Run: pip install -r requirements.txt
301220,akshare is not installed. Run: pip install -r requirements.txt
301221,akshare is not installed. Run: pip install -r requirements.txt
301222,akshare is not installed. Run: pip install -r requirements.txt
301223,akshare is not installed. Run: pip install -r requirements.txt
301225,akshare is not installed. Run: pip install -r requirements.txt
301226,akshare is not installed. Run: pip install -r requirements.txt
301227,akshare is not installed. Run: pip install -r requirements.txt
301228,akshare is not installed. Run: pip install -r requirements.txt
301229,akshare is not installed. Run: pip install -r requirements.txt
301230,akshare is not installed. Run: pip install -r requirements.txt
301231,akshare is not installed. Run: pip install -r requirements.txt
301232,akshare is not installed. Run: pip install -r requirements.txt
301233,akshare is not installed. Run: pip install -r requirements.txt
301234,akshare is not installed. Run: pip install -r requirements.txt
301235,akshare is not installed. Run: pip install -r requirements.txt
301236,akshare is not installed. Run: pip install -r requirements.txt
301237,akshare is not installed. Run: pip install -r requirements.txt
301238,akshare is not installed. Run: pip install -r requirements.txt
301239,akshare is not installed. Run: pip install -r requirements.txt
301246,akshare is not installed. Run: pip install -r requirements.txt
301248,akshare is not installed. Run: pip install -r requirements.txt
301251,akshare is not installed. Run: pip install -r requirements.txt
301252,akshare is not installed. Run: pip install -r requirements.txt
301255,akshare is not installed. Run: pip install -r requirements.txt
301256,akshare is not installed. Run: pip install -r requirements.txt
301257,akshare is not installed. Run: pip install -r requirements.txt
301258,akshare is not installed. Run: pip install -r requirements.txt
301259,akshare is not installed. Run: pip install -r requirements.txt
301260,akshare is not installed. Run: pip install -r requirements.txt
301261,akshare is not installed. Run: pip install -r requirements.txt
301262,akshare is not installed. Run: pip install -r requirements.txt
301263,akshare is not installed. Run: pip install -r requirements.txt
301265,akshare is not installed. Run: pip install -r requirements.txt
301266,akshare is not installed. Run: pip install -r requirements.txt
301267,akshare is not installed. Run: pip install -r requirements.txt
301268,akshare is not installed. Run: pip install -r requirements.txt
301269,akshare is not installed. Run: pip install -r requirements.txt
301270,akshare is not installed. Run: pip install -r requirements.txt
301272,akshare is not installed. Run: pip install -r requirements.txt
301273,akshare is not installed. Run: pip install -r requirements.txt
301275,akshare is not installed. Run: pip install -r requirements.txt
301276,akshare is not installed. Run: pip install -r requirements.txt
301277,akshare is not installed. Run: pip install -r requirements.txt
301278,akshare is not installed. Run: pip install -r requirements.txt
301279,akshare is not installed. Run: pip install -r requirements.txt
301280,akshare is not installed. Run: pip install -r requirements.txt
301281,akshare is not installed. Run: pip install -r requirements.txt
301282,akshare is not installed. Run: pip install -r requirements.txt
301283,akshare is not installed. Run: pip install -r requirements.txt
301285,akshare is not installed. Run: pip install -r requirements.txt
301286,akshare is not installed. Run: pip install -r requirements.txt
301287,akshare is not installed. Run: pip install -r requirements.txt
301288,akshare is not installed. Run: pip install -r requirements.txt
301289,akshare is not installed. Run: pip install -r requirements.txt
301290,akshare is not installed. Run: pip install -r requirements.txt
301291,akshare is not installed. Run: pip install -r requirements.txt
301292,akshare is not installed. Run: pip install -r requirements.txt
301293,akshare is not installed. Run: pip install -r requirements.txt
301295,akshare is not installed. Run: pip install -r requirements.txt
301296,akshare is not installed. Run: pip install -r requirements.txt
301297,akshare is not installed. Run: pip install -r requirements.txt
301298,akshare is not installed. Run: pip install -r requirements.txt
301299,akshare is not installed. Run: pip install -r requirements.txt
301300,akshare is not installed. Run: pip install -r requirements.txt
301301,akshare is not installed. Run: pip install -r requirements.txt
301302,akshare is not installed. Run: pip install -r requirements.txt
301303,akshare is not installed. Run: pip install -r requirements.txt
301305,akshare is not installed. Run: pip install -r requirements.txt
301306,akshare is not installed. Run: pip install -r requirements.txt
301307,akshare is not installed. Run: pip install -r requirements.txt
301308,akshare is not installed. Run: pip install -r requirements.txt
301309,akshare is not installed. Run: pip install -r requirements.txt
301310,akshare is not installed. Run: pip install -r requirements.txt
301311,akshare is not installed. Run: pip install -r requirements.txt
301312,akshare is not installed. Run: pip install -r requirements.txt
301313,akshare is not installed. Run: pip install -r requirements.txt
301314,akshare is not installed. Run: pip install -r requirements.txt
301315,akshare is not installed. Run: pip install -r requirements.txt
301316,akshare is not installed. Run: pip install -r requirements.txt
301317,akshare is not installed. Run: pip install -r requirements.txt
301318,akshare is not installed. Run: pip install -r requirements.txt
301319,akshare is not installed. Run: pip install -r requirements.txt
301320,akshare is not installed. Run: pip install -r requirements.txt
301321,akshare is not installed. Run: pip install -r requirements.txt
301322,akshare is not installed. Run: pip install -r requirements.txt
301323,akshare is not installed. Run: pip install -r requirements.txt
301325,akshare is not installed. Run: pip install -r requirements.txt
301326,akshare is not installed. Run: pip install -r requirements.txt
301327,akshare is not installed. Run: pip install -r requirements.txt
301328,akshare is not installed. Run: pip install -r requirements.txt
301329,akshare is not installed. Run: pip install -r requirements.txt
301330,akshare is not installed. Run: pip install -r requirements.txt
301331,akshare is not installed. Run: pip install -r requirements.txt
301332,akshare is not installed. Run: pip install -r requirements.txt
301333,akshare is not installed. Run: pip install -r requirements.txt
301335,akshare is not installed. Run: pip install -r requirements.txt
301336,akshare is not installed. Run: pip install -r requirements.txt
301337,akshare is not installed. Run: pip install -r requirements.txt
301338,akshare is not installed. Run: pip install -r requirements.txt
301339,akshare is not installed. Run: pip install -r requirements.txt
301345,akshare is not installed. Run: pip install -r requirements.txt
301348,akshare is not installed. Run: pip install -r requirements.txt
301349,akshare is not installed. Run: pip install -r requirements.txt
301353,akshare is not installed. Run: pip install -r requirements.txt
301355,akshare is not installed. Run: pip install -r requirements.txt
301356,akshare is not installed. Run: pip install -r requirements.txt
301357,akshare is not installed. Run: pip install -r requirements.txt
301358,akshare is not installed. Run: pip install -r requirements.txt
301359,akshare is not installed. Run: pip install -r requirements.txt
301360,akshare is not installed. Run: pip install -r requirements.txt
301361,akshare is not installed. Run: pip install -r requirements.txt
301362,akshare is not installed. Run: pip install -r requirements.txt
301363,akshare is not installed. Run: pip install -r requirements.txt
301365,akshare is not installed. Run: pip install -r requirements.txt
301366,akshare is not installed. Run: pip install -r requirements.txt
301367,akshare is not installed. Run: pip install -r requirements.txt
301368,akshare is not installed. Run: pip install -r requirements.txt
301369,akshare is not installed. Run: pip install -r requirements.txt
301370,akshare is not installed. Run: pip install -r requirements.txt
301371,akshare is not installed. Run: pip install -r requirements.txt
301372,akshare is not installed. Run: pip install -r requirements.txt
301373,akshare is not installed. Run: pip install -r requirements.txt
301376,akshare is not installed. Run: pip install -r requirements.txt
301377,akshare is not installed. Run: pip install -r requirements.txt
301378,akshare is not installed. Run: pip install -r requirements.txt
301379,akshare is not installed. Run: pip install -r requirements.txt
301380,akshare is not installed. Run: pip install -r requirements.txt
301381,akshare is not installed. Run: pip install -r requirements.txt
301382,akshare is not installed. Run: pip install -r requirements.txt
301383,akshare is not installed. Run: pip install -r requirements.txt
301386,akshare is not installed. Run: pip install -r requirements.txt
301387,akshare is not installed. Run: pip install -r requirements.txt
301388,akshare is not installed. Run: pip install -r requirements.txt
301389,akshare is not installed. Run: pip install -r requirements.txt
301390,akshare is not installed. Run: pip install -r requirements.txt
301391,akshare is not installed. Run: pip install -r requirements.txt
301392,akshare is not installed. Run: pip install -r requirements.txt
301393,akshare is not installed. Run: pip install -r requirements.txt
301395,akshare is not installed. Run: pip install -r requirements.txt
301396,akshare is not installed. Run: pip install -r requirements.txt
301397,akshare is not installed. Run: pip install -r requirements.txt
301398,akshare is not installed. Run: pip install -r requirements.txt
301399,akshare is not installed. Run: pip install -r requirements.txt
301408,akshare is not installed. Run: pip install -r requirements.txt
301413,akshare is not installed. Run: pip install -r requirements.txt
301418,akshare is not installed. Run: pip install -r requirements.txt
301419,akshare is not installed. Run: pip install -r requirements.txt
301421,akshare is not installed. Run: pip install -r requirements.txt
301428,akshare is not installed. Run: pip install -r requirements.txt
301429,akshare is not installed. Run: pip install -r requirements.txt
301439,akshare is not installed. Run: pip install -r requirements.txt
301446,akshare is not installed. Run: pip install -r requirements.txt
301448,akshare is not installed. Run: pip install -r requirements.txt
301449,akshare is not installed. Run: pip install -r requirements.txt
301456,akshare is not installed. Run: pip install -r requirements.txt
301458,akshare is not installed. Run: pip install -r requirements.txt
301459,akshare is not installed. Run: pip install -r requirements.txt
301468,akshare is not installed. Run: pip install -r requirements.txt
301469,akshare is not installed. Run: pip install -r requirements.txt
301479,akshare is not installed. Run: pip install -r requirements.txt
301486,akshare is not installed. Run: pip install -r requirements.txt
301487,akshare is not installed. Run: pip install -r requirements.txt
301488,akshare is not installed. Run: pip install -r requirements.txt
301489,akshare is not installed. Run: pip install -r requirements.txt
301491,akshare is not installed. Run: pip install -r requirements.txt
301498,akshare is not installed. Run: pip install -r requirements.txt
301499,akshare is not installed. Run: pip install -r requirements.txt
301500,akshare is not installed. Run: pip install -r requirements.txt
301501,akshare is not installed. Run: pip install -r requirements.txt
301502,akshare is not installed. Run: pip install -r requirements.txt
301503,akshare is not installed. Run: pip install -r requirements.txt
301505,akshare is not installed. Run: pip install -r requirements.txt
301507,akshare is not installed. Run: pip install -r requirements.txt
301508,akshare is not installed. Run: pip install -r requirements.txt
301509,akshare is not installed. Run: pip install -r requirements.txt
301510,akshare is not installed. Run: pip install -r requirements.txt
301511,akshare is not installed. Run: pip install -r requirements.txt
301512,akshare is not installed. Run: pip install -r requirements.txt
301513,akshare is not installed. Run: pip install -r requirements.txt
301515,akshare is not installed. Run: pip install -r requirements.txt
301516,akshare is not installed. Run: pip install -r requirements.txt
301517,akshare is not installed. Run: pip install -r requirements.txt
301518,akshare is not installed. Run: pip install -r requirements.txt
301519,akshare is not installed. Run: pip install -r requirements.txt
301520,akshare is not installed. Run: pip install -r requirements.txt
301522,akshare is not installed. Run: pip install -r requirements.txt
301525,akshare is not installed. Run: pip install -r requirements.txt
301526,akshare is not installed. Run: pip install -r requirements.txt
301528,akshare is not installed. Run: pip install -r requirements.txt
301529,akshare is not installed. Run: pip install -r requirements.txt
301531,akshare is not installed. Run: pip install -r requirements.txt
301533,akshare is not installed. Run: pip install -r requirements.txt
301535,akshare is not installed. Run: pip install -r requirements.txt
301536,akshare is not installed. Run: pip install -r requirements.txt
301538,akshare is not installed. Run: pip install -r requirements.txt
301539,akshare is not installed. Run: pip install -r requirements.txt
301548,akshare is not installed. Run: pip install -r requirements.txt
301550,akshare is not installed. Run: pip install -r requirements.txt
301551,akshare is not installed. Run: pip install -r requirements.txt
301552,akshare is not installed. Run: pip install -r requirements.txt
301555,akshare is not installed. Run: pip install -r requirements.txt
301556,akshare is not installed. Run: pip install -r requirements.txt
301557,akshare is not installed. Run: pip install -r requirements.txt
301558,akshare is not installed. Run: pip install -r requirements.txt
301559,akshare is not installed. Run: pip install -r requirements.txt
301560,akshare is not installed. Run: pip install -r requirements.txt
301563,akshare is not installed. Run: pip install -r requirements.txt
301565,akshare is not installed. Run: pip install -r requirements.txt
301566,akshare is not installed. Run: pip install -r requirements.txt
301567,akshare is not installed. Run: pip install -r requirements.txt
301568,akshare is not installed. Run: pip install -r requirements.txt
301571,akshare is not installed. Run: pip install -r requirements.txt
301575,akshare is not installed. Run: pip install -r requirements.txt
301577,akshare is not installed. Run: pip install -r requirements.txt
301578,akshare is not installed. Run: pip install -r requirements.txt
301580,akshare is not installed. Run: pip install -r requirements.txt
301581,akshare is not installed. Run: pip install -r requirements.txt
301584,akshare is not installed. Run: pip install -r requirements.txt
301585,akshare is not installed. Run: pip install -r requirements.txt
301586,akshare is not installed. Run: pip install -r requirements.txt
301587,akshare is not installed. Run: pip install -r requirements.txt
301588,akshare is not installed. Run: pip install -r requirements.txt
301589,akshare is not installed. Run: pip install -r requirements.txt
301590,akshare is not installed. Run: pip install -r requirements.txt
301591,akshare is not installed. Run: pip install -r requirements.txt
301592,akshare is not installed. Run: pip install -r requirements.txt
301595,akshare is not installed. Run: pip install -r requirements.txt
301596,akshare is not installed. Run: pip install -r requirements.txt
301598,akshare is not installed. Run: pip install -r requirements.txt
301599,akshare is not installed. Run: pip install -r requirements.txt
301600,akshare is not installed. Run: pip install -r requirements.txt
301601,akshare is not installed. Run: pip install -r requirements.txt
301602,akshare is not installed. Run: pip install -r requirements.txt
301603,akshare is not installed. Run: pip install -r requirements.txt
301606,akshare is not installed. Run: pip install -r requirements.txt
301607,akshare is not installed. Run: pip install -r requirements.txt
301608,akshare is not installed. Run: pip install -r requirements.txt
301609,akshare is not installed. Run: pip install -r requirements.txt
301611,akshare is not installed. Run: pip install -r requirements.txt
301613,akshare is not installed. Run: pip install -r requirements.txt
301616,akshare is not installed. Run: pip install -r requirements.txt
301617,akshare is not installed. Run: pip install -r requirements.txt
301618,akshare is not installed. Run: pip install -r requirements.txt
301622,akshare is not installed. Run: pip install -r requirements.txt
301626,akshare is not installed. Run: pip install -r requirements.txt
301628,akshare is not installed. Run: pip install -r requirements.txt
301629,akshare is not installed. Run: pip install -r requirements.txt
301630,akshare is not installed. Run: pip install -r requirements.txt
301631,akshare is not installed. Run: pip install -r requirements.txt
301632,akshare is not installed. Run: pip install -r requirements.txt
301633,akshare is not installed. Run: pip install -r requirements.txt
301636,akshare is not installed. Run: pip install -r requirements.txt
301638,akshare is not installed. Run: pip install -r requirements.txt
301656,akshare is not installed. Run: pip install -r requirements.txt
301658,akshare is not installed. Run: pip install -r requirements.txt
301662,akshare is not installed. Run: pip install -r requirements.txt
301665,akshare is not installed. Run: pip install -r requirements.txt
301666,akshare is not installed. Run: pip install -r requirements.txt
301667,akshare is not installed. Run: pip install -r requirements.txt
301668,akshare is not installed. Run: pip install -r requirements.txt
301669,akshare is not installed. Run: pip install -r requirements.txt
301678,akshare is not installed. Run: pip install -r requirements.txt
301680,akshare is not installed. Run: pip install -r requirements.txt
301682,akshare is not installed. Run: pip install -r requirements.txt
301683,akshare is not installed. Run: pip install -r requirements.txt
301687,akshare is not installed. Run: pip install -r requirements.txt
301696,akshare is not installed. Run: pip install -r requirements.txt
